,year,stage,stage_type,profile_icon,gc_leader,gc_stage_time_str,power,stage_grade
0,1985,Plumelec,RR,p1,HINAULT Bernard,0:08:47,558.2400283768867,0.0188235294117647
1,1985,Lanester,RR,p1,VANDERAERDEN Eric,6:32:52,343.0786959692436,0.01250390625
2,1985,Vitré,RR,p1,VANDERAERDEN Eric,6:29:21,297.7061528964386,0.0113719008264462
3,1985,Pont-Audemer,RR,p1,ANDERSEN Kim,6:31:46,285.7981541250865,0.0127223382045929
4,1985,Roubaix,RR,p1,ANDERSEN Kim,6:27:36,221.2047367856856,0.0084732142857142
5,1985,Reims,RR,p1,ANDERSEN Kim,6:29:34,227.34419739979663,0.010627539503386
6,1985,Nancy,RR,p2,ANDERSEN Kim,5:55:16,165.84584435632996,0.0107880184331797
7,1985,Straatsburg,ITT,p2,HINAULT Bernard,1:34:55,348.82741316956435,0.01588
8,1985,Épinal,RR,p3,HINAULT Bernard,4:15:55,234.97172593939467,0.0166570605187319
9,1985,Pontarlier (Larmont),RR,p5,HINAULT Bernard,5:08:00,396.40045233968624,0.0192665036674816
10,1985,Morzine-Avoriaz,RR,p5,HINAULT Bernard,5:19:11,397.51672024486095,0.0247333333333333
11,1985,Lans en Vercors,RR,p5,HINAULT Bernard,8:26:10,374.70026006820456,0.0310929368029739
12,1985,Villard-de-Lans,ITT,p2,HINAULT Bernard,0:42:11,332.4113523266543,0.0234591194968553
13,1985,Saint-Etienne,RR,p4,HINAULT Bernard,4:59:04,306.17701769835395,0.0208547486033519
14,1985,Aurillac,RR,p4,HINAULT Bernard,7:18:36,283.2574275489217,0.0239410526315789
15,1985,Toulouse,RR,p2,HINAULT Bernard,6:35:09,193.25593456286288,0.0175020242914979
16,1985,Luz-Ardiden,RR,p5,HINAULT Bernard,7:01:26,315.4993932088043,0.0281957040572792
17,1985,Col d'Aubisque,RR,p5,HINAULT Bernard,1:40:49,493.4330946920642,0.0459428571428571
18,1985,Pau,RR,p4,HINAULT Bernard,2:24:02,419.1963600088864,0.0357485029940119
19,1985,Bordeaux,RR,p1,HINAULT Bernard,5:42:13,222.95032693868575,0.008185
20,1985,Limoges,RR,p3,HINAULT Bernard,5:54:02,196.3653295169792,0.0156488888888888
21,1985,Auphelle (Lac de Vassivière),ITT,p2,HINAULT Bernard,1:02:56,297.7574123720327,0.0219693654266958
22,1985,Paris,RR,p1,HINAULT Bernard,5:13:56,350.8883973134021,0.0092073732718894
23,1986,Boulogne-Billancourt,RR,p1,MARIE Thierry,0:05:21,675.7443297839628,0.013695652173913
24,1986,Sceaux,RR,p3,STIEDA Alex,1:58:42,254.81903490815705,0.0110117647058823
25,1986,Liévin,RR,p1,MARIE Thierry,5:45:36,264.3628911398,0.0086962616822429
26,1986,Évreux,RR,p1,GAIGNE Dominique,6:57:07,231.74637774748305,0.0093415637860082
27,1986,Villers-sur-Mer,RR,p2,VAN DER VELDE Johan,3:04:05,212.64256943795488,0.009156626506024
28,1986,Cherbourg,RR,p3,VAN DER VELDE Johan,4:47:57,229.1403897577572,0.009285
29,1986,Saint Hilaire du Harcouët,RR,p1,PEDERSEN Jørgen Vagn,4:57:00,360.2406556332411,0.0122338308457711
30,1986,Nantes,RR,p1,PEDERSEN Jørgen Vagn,4:39:55,410.822506737042,0.0097598039215686
31,1986,Nantes,ITT,p1,PEDERSEN Jørgen Vagn,1:20:28,444.6432420838863,0.0075772357723577
32,1986,Futuroscope,RR,p1,PEDERSEN Jørgen Vagn,4:29:58,334.20853011531744,0.0088852459016393
33,1986,Bordeaux,RR,p1,PEDERSEN Jørgen Vagn,6:13:10,341.995127636262,0.0075280464216634
34,1986,Pau,RR,p4,HINAULT Bernard,6:03:19,377.99995178618224,0.0288
35,1986,Superbagnères,RR,p5,HINAULT Bernard,6:11:16,389.3073349893262,0.0364569892473118
36,1986,Blagnac,RR,p1,HINAULT Bernard,3:55:46,291.4133794419473,0.0076038961038961
37,1986,Nîmes,RR,p1,HINAULT Bernard,5:52:39,285.85346109532185,0.0089667405764966
38,1986,Gap,RR,p2,HINAULT Bernard,7:48:10,124.20085579782312,0.0162150101419878
39,1986,Col du Granon,RR,p5,LEMOND Greg,5:59:18,430.42778164595416,0.0350315789473684
40,1986,l'Alpe d'Huez,RR,p5,LEMOND Greg,5:03:03,511.161564946936,0.0425107692307692
41,1986,Saint-Etienne,RR,p4,LEMOND Greg,5:08:37,307.7917459698285,0.0211810584958217
42,1986,Saint-Etienne,ITT,p2,LEMOND Greg,1:16:01,328.43899965285595,0.0178448275862068
43,1986,Puy de Dôme,RR,p5,LEMOND Greg,5:38:40,336.8118043705938,0.0222052631578947
44,1986,Nevers,RR,p1,LEMOND Greg,5:12:55,258.33738660105223,0.0066938775510204
45,1986,Paris,RR,p1,LEMOND Greg,6:51:55,240.52832087703976,0.0081582150101419
46,1987,Berlin,RR,p1,NIJDAM Jelle,0:07:06,663.2896955415272,0.0118032786885245
47,1987,Berlin,RR,p1,PIASECKI Lech,2:11:33,499.2504541699037,0.0068530805687203
48,1987,Stuttgart,RR,p2,MÄCHLER Erich,5:27:37,,
49,1987,Pforzheim,RR,p2,MÄCHLER Erich,1:50:51,257.5468326923848,0.0128734177215189
50,1987,Strasbourg,RR,p2,MÄCHLER Erich,2:32:42,284.530512741133,0.01376
51,1987,Épinal,RR,p4,MÄCHLER Erich,4:15:34,321.22050968442375,0.0156568047337278
52,1987,Troyes,RR,p1,MÄCHLER Erich,5:08:17,343.34538833185525,0.0089763033175355
53,1987,Épinay-sous-Sénart,RR,p1,MÄCHLER Erich,5:23:53,264.78896618786774,0.006574209245742
54,1987,Renazé,RR,p1,MÄCHLER Erich,7:07:26,236.2637391776633,0.0064423076923076
55,1987,Futuroscope,ITT,p1,MOTTET Charly,1:58:53,416.7542036437894,0.0092342857142857
56,1987,Chaumeil,RR,p3,GAYANT Martial,7:06:55,166.75797382940658,0.0138509803921568
57,1987,Bordeaux,RR,p1,GAYANT Martial,5:46:21,320.8922172246981,0.0096973684210526
58,1987,Pau,RR,p4,MOTTET Charly,6:23:41,371.2774251992011,0.0299223744292237
59,1987,Luz Ardiden,RR,p5,MOTTET Charly,5:18:01,453.9495074002194,0.0394457831325301
60,1987,Blagnac,RR,p2,MOTTET Charly,4:09:46,200.9568547592649,0.0107682926829268
61,1987,Millau,RR,p5,MOTTET Charly,6:13:44,257.5101758985875,0.0134826789838337
62,1987,Avignon,RR,p2,MOTTET Charly,6:17:44,184.09900779950627,0.0186069868995633
63,1987,Mont Ventoux,ITT,p5,BERNARD Jean-François,1:19:44,499.3456386499183,0.0544657534246575
64,1987,Villard de Lans,RR,p4,ROCHE Stephen,4:53:37,429.8763364477297,0.0261729729729729
65,1987,l'Alpe d'Huez,RR,p5,DELGADO Pedro,5:55:55,431.85605276833456,0.0323681592039801
66,1987,La Plagne,RR,p5,DELGADO Pedro,6:08:02,448.07122393516056,0.0417789757412398
67,1987,Morzine,RR,p4,DELGADO Pedro,6:14:49,371.6045743253316,0.0395913978494623
68,1987,Dijon,RR,p2,DELGADO Pedro,6:44:18,120.65430263562668,0.0147641509433962
69,1987,Dijon,ITT,p2,ROCHE Stephen,0:50:01,309.7692586264832,0.0124210526315789
70,1987,Paris,RR,p1,ROCHE Stephen,4:57:33,293.5832671729561,0.0104139784946236
71,1988,La Baule,RR,p1,BONTEMPI Guido,0:01:14,878.4137299008496,0.044
72,1988,Machecoul,RR,p1,BAUER Steve,2:16:34,296.9863263175012,0.0050163934426229
73,1988,Le Mans,RR,p1,VAN VLIET Teun,4:52:08,388.9676227303584,0.0069508196721311
74,1988,Évreux,RR,p3,VAN VLIET Teun,3:25:14,306.81066894873976,0.0099177215189873
75,1988,Liévin,RR,p1,LUBBERDING Henk,3:14:27,449.3231081988809,0.009057627118644
76,1988,Wasquehal,ITT,p1,NIJDAM Jelle,1:04:03,502.7080074540591,0.0051153846153846
77,1988,Reims,RR,p1,NIJDAM Jelle,5:28:57,353.1952020036204,0.0095688888888888
78,1988,Nancy,RR,p2,BAUER Steve,5:24:18,211.6538443718881,0.008310502283105
79,1988,Straatsburg,RR,p4,BAUER Steve,3:49:27,358.0726407720233,0.0141495327102803
80,1988,Besançon,RR,p2,BAUER Steve,3:28:31,275.2930750132156,0.0155317725752508
81,1988,Morzine,RR,p3,BAUER Steve,6:05:17,221.38659439520077,0.0216810344827586
82,1988,l'Alpe d'Huez,RR,p5,DELGADO Pedro,6:56:01,471.9377941150842,0.0388678414096916
83,1988,Villard de Lans,ITT,p5,DELGADO Pedro,1:02:24,536.0870223261004,0.0372368421052631
84,1988,Guzet-Neige,RR,p5,DELGADO Pedro,4:39:17,388.50459052144686,0.0259815950920245
85,1988,Luz Ardiden,RR,p5,DELGADO Pedro,6:26:46,421.8866677695392,0.0413493333333333
86,1988,Pau,RR,p1,DELGADO Pedro,0:46:36,506.9067420001972,0.0053421052631578
87,1988,Bordeaux,RR,p1,DELGADO Pedro,4:58:03,339.70571646268246,0.0055
88,1988,Limoges,RR,p3,DELGADO Pedro,2:13:31,254.7480684924832,0.0159251336898395
89,1988,Puy de Dôme,RR,p5,DELGADO Pedro,5:19:59,348.2549645134926,0.0216968085106382
90,1988,Chalon-sur-Saône,RR,p2,DELGADO Pedro,6:03:47,167.4304056022803,0.0105816554809843
91,1988,Santenay,ITT,p2,DELGADO Pedro,1:02:48,275.46329589257425,0.0125217391304347
92,1988,Paris,RR,p1,DELGADO Pedro,4:51:29,249.9988325216657,0.0107768115942029
93,1989,Luxembourg,RR,p1,BREUKINK Erik,0:09:54,608.9874941464092,0.0194871794871794
94,1989,Luxembourg,RR,p2,DA SILVA Acácio,3:21:36,226.76401138914585,0.0149667896678966
95,1989,Francorchamps,RR,p2,DA SILVA Acácio,6:35:07,180.0952128826598,0.016161825726141
96,1989,Wasquehal,RR,p1,DA SILVA Acácio,6:14:03,332.98375965238023,0.0081411764705882
97,1989,Rennes,ITT,p3,LEMOND Greg,1:38:12,282.32676081310854,0.0107534246575342
98,1989,Futuroscope,RR,p1,LEMOND Greg,6:59:21,252.66379657259708,0.0071583011583011
99,1989,Bordeaux,RR,p1,LEMOND Greg,7:22:01,213.383812761596,0.0062630560928433
100,1989,Pau,RR,p2,LEMOND Greg,3:51:46,222.4127803322144,0.0117070063694267
101,1989,Cauterets-Cambasque,RR,p5,LEMOND Greg,4:34:34,493.91650219336935,0.0408231292517006
102,1989,Superbagnères,RR,p5,FIGNON Laurent,4:25:45,512.494057235048,0.0460735294117647
103,1989,Blagnac,RR,p2,FIGNON Laurent,3:37:47,270.8701053328384,0.0120567823343848
104,1989,Montpellier,RR,p2,FIGNON Laurent,6:02:39,211.3159150712474,0.0109421487603305
105,1989,Marseille,RR,p2,FIGNON Laurent,4:18:56,223.20691789995607,0.0081061452513966
106,1989,Gap,RR,p2,FIGNON Laurent,6:27:57,196.659949060782,0.0192125
107,1989,Orcières-Merlette,ITT,p5,LEMOND Greg,1:11:39,470.3496863893178,0.0372564102564102
108,1989,Briançon,RR,p5,LEMOND Greg,4:51:36,469.9600662554796,0.0306914285714285
109,1989,l'Alpe d'Huez,RR,p5,FIGNON Laurent,5:11:48,495.1400398794032,0.0417757575757575
110,1989,Villard-de-Lans (Côte 2000),RR,p5,FIGNON Laurent,2:31:28,444.8220788934216,0.0279781420765027
111,1989,Aix les Bains,RR,p4,FIGNON Laurent,3:17:53,420.2052974389888,0.02756
112,1989,l'Isle d'Abeau,RR,p1,FIGNON Laurent,3:26:16,287.5877666616943,0.0098923076923076
113,1989,Paris,ITT,p1,LEMOND Greg,0:26:57,722.6120069072251,0.0081632653061224
114,1990,Futuroscope,RR,p1,MARIE Thierry,0:07:49,723.9212099253557,0.0292063492063492
115,1990,Futuroscope,RR,p1,BAUER Steve,3:19:01,364.9829321260492,0.0088953068592057
116,1990,Nantes,RR,p1,BAUER Steve,5:48:42,321.6807560078995,0.0080429184549356
117,1990,Mont-Saint-Michel,RR,p1,BAUER Steve,5:23:33,287.3400851083018,0.009615763546798
118,1990,Rouen,RR,p1,BAUER Steve,7:47:37,319.32595711431,0.0111794019933554
119,1990,Vittel,RR,p1,BAUER Steve,5:24:04,290.02850091386887,0.0102814814814814
120,1990,Epinal,ITT,p1,BAUER Steve,1:19:48,524.631541096436,0.0137398373983739
121,1990,Besançon,RR,p1,BAUER Steve,4:27:14,304.61229689657296,0.0044255085211654
122,1990,Genève,RR,p2,BAUER Steve,4:46:44,231.87848345433665,0.0121479591836734
123,1990,Saint-Gervais-les-Bains,RR,p5,PENSEC Ronan,3:27:00,330.40865215776023,0.0211054852320675
124,1990,L'Alpe d'Huez,RR,p5,PENSEC Ronan,5:38:39,353.2439319319383,0.0267232876712328
125,1990,Villard de lans,ITT,p3,CHIAPPUCCI Claudio,0:57:57,193.2785224523128,0.028955223880597
126,1990,Saint-Etienne,RR,p2,CHIAPPUCCI Claudio,3:25:05,268.1936209406175,0.0116375838926174
127,1990,Millau - Montée du Causse Noir,RR,p5,CHIAPPUCCI Claudio,5:12:50,335.28574536597705,0.0137170731707317
128,1990,Revel,RR,p2,CHIAPPUCCI Claudio,4:18:44,200.4124304274185,0.0101823529411764
129,1990,Luz-Ardiden,RR,p5,CHIAPPUCCI Claudio,7:07:03,250.32962640802572,0.0186
130,1990,Pau,RR,p4,CHIAPPUCCI Claudio,4:13:56,278.1150728635986,0.01724
131,1990,Bordeaux,RR,p1,CHIAPPUCCI Claudio,5:41:52,184.77910574412627,0.001589108910891
132,1990,Limoges,RR,p1,CHIAPPUCCI Claudio,5:22:08,195.58818477644192,0.006104109589041
133,1990,Lac de Vassivière,ITT,p1,LEMOND Greg,1:03:37,521.3437451584557,0.0241098901098901
134,1990,Paris,RR,p1,LEMOND Greg,4:53:52,255.35146442083695,0.0070410958904109
135,1991,Lyon,RR,p1,MARIE Thierry,0:06:11,682.0674219387895,0.0116666666666666
136,1991,Lyon,RR,p1,LEMOND Greg,2:28:54,519.5396959073445,0.0144366812227074
137,1991,Dijon,RR,p1,SØRENSEN Rolf,5:15:11,312.85248543040973,0.0072779097387173
138,1991,Reims,RR,p1,SØRENSEN Rolf,7:49:14,271.3480991042289,0.0103146853146853
139,1991,Valenciennes,RR,p1,SØRENSEN Rolf,3:17:51,439.878568588808,0.0079665551839464
140,1991,Le Havre,RR,p1,MARIE Thierry,6:38:27,309.1776887564065,0.010011583011583
141,1991,Argentan,RR,p1,MARIE Thierry,4:02:18,532.7236838741464,0.0086870229007633
142,1991,Alençon,ITT,p1,LEMOND Greg,1:35:52,491.5978993295444,0.0127945205479452
143,1991,Rennes,RR,p1,LEMOND Greg,3:41:44,415.3465685432608,0.0104285714285714
144,1991,Quimper,RR,p1,LEMOND Greg,5:23:29,300.1485405966169,0.0098650602409638
145,1991,Saint-Herblain,RR,p1,LEMOND Greg,5:12:31,504.7867313451552,0.0097642276422764
146,1991,Jaca,RR,p4,LEBLANC Luc,5:15:54,424.2884405091627,0.0314635416666666
147,1991,Val Louron,RR,p5,INDURAIN Miguel,7:11:17,537.9251080770727,0.038603448275862
148,1991,Castres,RR,p1,INDURAIN Miguel,4:17:27,359.75769781647733,0.0110840579710144
149,1991,Alès,RR,p1,INDURAIN Miguel,6:23:15,364.679022962087,0.0193191489361702
150,1991,Gap,RR,p1,INDURAIN Miguel,6:07:07,301.9533421037687,0.0157581395348837
151,1991,l'Alpe d'Huez,RR,p5,INDURAIN Miguel,3:25:49,,
152,1991,Morzine,RR,p3,INDURAIN Miguel,7:27:17,197.36339615536647,0.0280980392156862
153,1991,Aix les Bains,RR,p2,INDURAIN Miguel,4:20:18,275.4072676975793,0.0238361581920903
154,1991,Mâcon,RR,p2,INDURAIN Miguel,4:12:59,213.2708839501591,0.0181875
155,1991,Mâcon,ITT,p1,INDURAIN Miguel,1:11:45,594.7227096550502,0.0151578947368421
156,1991,Paris,RR,p1,INDURAIN Miguel,4:43:36,330.41270223458764,0.0135505617977528
157,1992,San Sebastian,RR,p1,INDURAIN Miguel,0:09:22,751.1150779344051,0.0185
158,1992,San Sebastian,RR,p2,ZÜLLE Alex,4:37:39,284.8158468432912,0.0228688946015424
159,1992,Pau,RR,p2,VIRENQUE Richard,6:41:59,223.25316440145508,0.0246666666666666
160,1992,Bordeaux,RR,p1,LINO Pascal,5:45:17,256.20114099461034,0.005894495412844
161,1992,Wasquehal,RR,p1,LINO Pascal,4:09:34,480.97402879653714,0.0078469387755102
162,1992,Brussel,RR,p1,LINO Pascal,3:38:28,494.8178229515978,0.0129820359281437
163,1992,Valkenburg,RR,p1,LINO Pascal,4:22:52,442.9762849295961,0.0102290076335877
164,1992,Koblenz,RR,p1,LINO Pascal,4:49:41,412.8804158028015,0.0126343825665859
165,1992,Luxembourg,ITT,p2,LINO Pascal,1:23:37,327.9478059843444,0.0135384615384615
166,1992,Straatsburg,RR,p1,LINO Pascal,5:02:45,422.7625330342443,0.0131244239631336
167,1992,Mulhouse,RR,p2,LINO Pascal,6:31:11,226.21715208807296,0.024693386773547
168,1992,Saint-Gervais-les-Bains,RR,p3,LINO Pascal,7:13:52,108.5378300132101,0.0283125
169,1992,Sestriere,RR,p5,INDURAIN Miguel,7:46:36,556.7918581443137,0.0393673870333988
170,1992,l'Alpe d'Huez,RR,p5,INDURAIN Miguel,5:45:13,586.433377941663,0.0426327077747989
171,1992,Saint-Etienne,RR,p2,INDURAIN Miguel,4:44:48,251.12271117732627,0.0134444444444444
172,1992,La Bourboule,RR,p3,INDURAIN Miguel,5:53:05,204.58515335008923,0.0231839622641509
173,1992,Montluçon,RR,p2,INDURAIN Miguel,4:51:10,221.80462137254776,0.0166666666666666
174,1992,Tours,RR,p2,INDURAIN Miguel,5:07:15,224.36960983711376,0.0075943396226415
175,1992,Blois,ITT,p2,INDURAIN Miguel,1:13:21,442.3386780863885,0.00975
176,1992,Nanterre,RR,p2,INDURAIN Miguel,6:11:07,149.4557371847177,0.0067072072072072
177,1992,Paris,RR,p2,INDURAIN Miguel,3:28:37,231.16702202017427,0.0128226950354609
178,1993,Puy-du-Fou,RR,p1,INDURAIN Miguel,0:08:12,672.3701084835433,0.0161764705882352
179,1993,Les Sables-d'Olonne,RR,p1,INDURAIN Miguel,4:52:29,425.1487695305152,0.0086465116279069
180,1993,Vannes,RR,p1,NELISSEN Wilfried,5:41:09,296.66801116435005,0.0059296703296703
181,1993,Dinard,RR,p1,NELISSEN Wilfried,4:41:53,354.3607602888218,0.0122269129287598
182,1993,Evreux,RR,p1,NELISSEN Wilfried,5:11:58,408.0082296969763,0.0104212860310421
183,1993,Amiens,RR,p1,CIPOLLINI Mario,3:12:03,579.8896817262973,0.0097025316455696
184,1993,Châlons Sur Marne,RR,p1,MUSEEUW Johan,4:28:11,450.4771922755564,0.0110703517587939
185,1993,Verdun,RR,p1,MUSEEUW Johan,4:22:37,382.93520196997,0.0099891598915989
186,1993,Lac De Madine,ITT,p1,INDURAIN Miguel,1:12:50,574.8083016564946,0.011
187,1993,Serre Chevalier,RR,p4,INDURAIN Miguel,5:28:52,545.6689406588565,0.0359014778325123
188,1993,Isola 2000,RR,p5,INDURAIN Miguel,5:41:03,423.3561258270824,0.0298268156424581
189,1993,Marseille,RR,p2,INDURAIN Miguel,7:50:19,214.22048156633912,0.0242937062937062
190,1993,Montpellier,RR,p1,INDURAIN Miguel,4:13:10,382.7719735506372,0.0071019283746556
191,1993,Perpignan,RR,p1,INDURAIN Miguel,5:45:10,322.89337921316854,0.0103452914798206
192,1993,Pal,RR,p5,INDURAIN Miguel,7:22:09,482.9843726572152,0.0353434125269978
193,1993,Pla d'Adet,RR,p5,INDURAIN Miguel,7:21:04,463.7644878497898,0.0338347826086956
194,1993,Pau,RR,p4,INDURAIN Miguel,5:06:57,469.63664638496783,0.0292717678100263
195,1993,Bordeaux,RR,p1,INDURAIN Miguel,5:13:56,271.2895153695291,0.0060902255639097
196,1993,Montlhéry,ITT,p1,INDURAIN Miguel,0:57:44,634.4106260139974,0.0126666666666666
197,1993,Paris,RR,p1,INDURAIN Miguel,5:27:20,287.29510891640325,0.0121882951653944
198,1994,Lille-Euralille,RR,p1,BOARDMAN Chris,0:07:49,784.7831950416952,0.0108333333333333
199,1994,Armentières,RR,p1,BOARDMAN Chris,5:46:16,325.5393650266468,0.0076153846153846
200,1994,Boulogne-Sur-Mer,RR,p1,BOARDMAN Chris,5:05:40,330.06227916034965,0.0095724815724815
201,1994,Brighton,RR,p1,VANZELLA Flavio,5:13:13,356.3722076393916,0.0131687041564792
202,1994,Portsmouth,RR,p1,VANZELLA Flavio,4:10:49,474.3520056038888,0.0118877005347593
203,1994,Rennes,RR,p1,YATES Sean,6:58:49,316.0719684332691,0.0102365988909427
204,1994,Futuroscope,RR,p1,MUSEEUW Johan,5:56:50,395.9116710856207,0.0076801541425818
205,1994,Trélissac,RR,p1,MUSEEUW Johan,5:11:43,402.5972437837195,0.0123661327231121
206,1994,Bergerac,ITT,p1,INDURAIN Miguel,1:15:58,659.4335332597393,0.012953125
207,1994,Cahors,RR,p1,INDURAIN Miguel,3:40:06,492.9496544822515,0.0159003115264797
208,1994,Hautacam,RR,p5,INDURAIN Miguel,6:58:06,354.87713548300525,0.015066413662239
209,1994,Luz Ardiden,RR,p5,INDURAIN Miguel,6:16:14,494.8285543105115,0.0341662591687041
210,1994,Albi,RR,p1,INDURAIN Miguel,5:14:57,382.6584388425433,0.008286995515695
211,1994,Montpellier,RR,p2,INDURAIN Miguel,5:17:00,217.2696041689327,0.0182128712871287
212,1994,Carpentras,RR,p4,INDURAIN Miguel,6:35:59,293.6223147545926,0.0167792207792207
213,1994,L'alpe D'huez,RR,p5,INDURAIN Miguel,6:14:41,529.3995814962315,0.0311046770601336
214,1994,Val Thorens,RR,p5,INDURAIN Miguel,5:16:29,561.4830881004743,0.0498590604026845
215,1994,Cluses,RR,p4,INDURAIN Miguel,4:54:58,527.1657135924308,0.0371919770773638
216,1994,Avoriaz,ITT,p5,INDURAIN Miguel,1:26:15,687.8143038926736,0.0502315789473684
217,1994,Lac Saint Point-Malbuisson,RR,p2,INDURAIN Miguel,5:50:37,182.93938840114816,0.0178321342925659
218,1994,Paris,RR,p1,INDURAIN Miguel,4:44:03,296.22438876239227,0.0112285714285714
219,1995,Saint-Brieuc,RR,p1,DURAND Jacky,0:09:00,881.449990324692,0.0383561643835616
220,1995,Lannion,RR,p1,DURAND Jacky,5:49:18,351.4476502339443,0.012969298245614
221,1995,Vitré,RR,p1,JALABERT Laurent,5:26:35,439.4376592400744,0.0112987551867219
222,1995,Le Havre,RR,p1,GOTTI Ivan,3:40:23,387.5690811806476,0.0119805194805194
223,1995,Dunkirk,RR,p1,GOTTI Ivan,5:51:46,430.1213970746932,0.008310606060606
224,1995,Charleroi,RR,p1,RIIS Bjarne,4:31:00,357.11584498303995,0.0068586387434554
225,1995,Liège,RR,p2,BRUYNEEL Johan,4:48:14,260.2071519867769,0.01786
226,1995,Séraing,ITT,p3,INDURAIN Miguel,1:04:16,432.8878824534162,0.0173518518518518
227,1995,La Plagne,RR,p5,INDURAIN Miguel,4:43:20,635.8725455971745,0.0411506024096385
228,1995,L'Alpe d'Huez,RR,p5,INDURAIN Miguel,5:14:38,599.9911971673376,0.0486163522012578
229,1995,Saint-Etienne,RR,p2,INDURAIN Miguel,4:49:07,253.23837429548956,0.0166010101010101
230,1995,Mende,RR,p5,INDURAIN Miguel,5:24:46,494.0878641813628,0.0202780269058295
231,1995,Revel,RR,p2,INDURAIN Miguel,6:09:59,192.8951413237554,0.0190582959641255
232,1995,Guzet-Neige,RR,p5,INDURAIN Miguel,4:31:39,431.6844221757782,0.0247044025157232
233,1995,Cauterets-Cambasque,RR,p5,INDURAIN Miguel,6:23:22,571.9715575717671,0.0413816425120772
235,1995,Bordeaux,RR,p1,INDURAIN Miguel,6:29:49,214.15619761030365,0.0106523809523809
236,1995,Limoges,RR,p1,INDURAIN Miguel,3:55:47,385.5850511235369,0.016077922077922
237,1995,Lac de Vassivière,ITT,p1,INDURAIN Miguel,0:57:34,703.499124621764,0.0238478260869565
238,1995,Paris,RR,p1,INDURAIN Miguel,3:39:46,390.32801052792985,0.01252
239,1996,'s-Hertogenbosch,RR,p1,ZÜLLE Alex,0:10:53,643.0446421781995,0.0089361702127659
240,1996,'s-Hertogenbosch,RR,p1,ZÜLLE Alex,5:00:01,334.06064220057,0.0054497607655502
241,1996,Wasquehal,RR,p1,ZÜLLE Alex,6:29:22,262.62922446299,0.0055838383838383
242,1996,Nogent-sur-Oise,RR,p1,MONCASSIN Frédéric,5:29:21,235.8888848398652,0.0077538461538461
243,1996,Lac de Madine,RR,p1,HEULOT Stephane,5:43:50,344.11869454992524,0.0100215517241379
244,1996,Besançon,RR,p1,HEULOT Stephane,6:55:53,242.65802139699372,0.0104049586776859
245,1996,Aix les Bains,RR,p2,HEULOT Stephane,5:05:39,203.8245305934009,0.0057101449275362
246,1996,Arc 1800,RR,p5,BERZIN Evgeni,5:48:18,470.5464657596994,0.0354924623115577
247,1996,Val d'Isere,ITT,p5,BERZIN Evgeni,0:51:53,647.027939708126,0.0510163934426229
249,1996,Gap,RR,p2,RIIS Bjarne,5:08:10,249.03458025588577,0.0193285371702637
250,1996,Valence,RR,p2,RIIS Bjarne,5:12:03,231.29498027471487,0.0218366336633663
251,1996,Le Puy en Velay,RR,p2,RIIS Bjarne,5:44:33,101.0343025803979,0.0282996515679442
252,1996,Superbesse,RR,p3,RIIS Bjarne,4:04:19,297.53651571414065,0.0198587570621468
253,1996,Tulle,RR,p3,RIIS Bjarne,4:11:22,319.57642320498667,0.0208257372654155
254,1996,Villeneuve Sur Lot,RR,p1,RIIS Bjarne,4:00:30,472.1143019992687,0.0149375
255,1996,Hautacam,RR,p5,RIIS Bjarne,4:56:16,415.2132886886933,0.0177939698492462
256,1996,Pamplona,RR,p4,RIIS Bjarne,7:07:08,474.8520922381142,0.0332824427480916
257,1996,Hendaye,RR,p2,RIIS Bjarne,4:27:58,192.6174035806661,0.0276245954692556
258,1996,Bordeaux,RR,p1,RIIS Bjarne,5:25:11,354.2411466676794,0.0077439293598233
259,1996,Saint-Emilion,ITT,p1,RIIS Bjarne,1:17:49,563.70419220152,0.0100787401574803
260,1996,Paris,RR,p1,RIIS Bjarne,3:30:44,395.9473553070814,0.0117966101694915
261,1997,Rouen,RR,p1,BOARDMAN Chris,0:08:20,762.718737894471,0.0175342465753424
262,1997,Forges-les-Eaux,RR,p1,CIPOLLINI Mario,4:39:59,375.4726843015122,0.0108333333333333
263,1997,Vire,RR,p1,CIPOLLINI Mario,6:27:47,361.018711732591,0.0107175572519083
264,1997,Plumelec,RR,p3,CIPOLLINI Mario,4:54:44,307.9967227060929,0.0114642857142857
265,1997,Puy-du-Fou,RR,p1,CIPOLLINI Mario,5:46:42,296.9556295795982,0.0081121076233183
266,1997,La Châtre,RR,p1,VASSEUR Cédric,6:16:44,355.9428064914501,0.0084653654802908
267,1997,Marennes,RR,p1,VASSEUR Cédric,5:58:09,240.0677869356975,0.0066344827586206
268,1997,Bordeaux,RR,p1,VASSEUR Cédric,4:11:15,469.4675898888784,0.0083298969072164
269,1997,Pau,RR,p1,VASSEUR Cédric,3:22:42,510.27350983099535,0.0083343653250773
270,1997,Loudenvielles,RR,p4,VASSEUR Cédric,5:27:54,446.61181172142864,0.0377857142857142
271,1997,Andorra Arcalis,RR,p5,ULLRICH Jan,7:46:06,462.4135802715565,0.0339485148514851
272,1997,Perpignan,RR,p2,ULLRICH Jan,5:05:23,216.9835125129284,0.0216822916666666
273,1997,Saint-Etienne,ITT,p2,ULLRICH Jan,1:16:24,313.6056142002942,0.025090909090909
274,1997,l'alpe d'huez,RR,p5,ULLRICH Jan,5:03:29,451.3976873274145,0.0201425061425061
275,1997,Courchevel,RR,p5,ULLRICH Jan,4:34:16,607.2905034915487,0.0480472972972973
276,1997,Morzine-Avoriaz,RR,p4,ULLRICH Jan,5:58:33,441.3682327213017,0.0327482014388489
277,1997,Fribourg,RR,p2,ULLRICH Jan,4:30:11,283.21664070703923,0.0307624309392265
278,1997,Colmar,RR,p1,ULLRICH Jan,4:58:36,329.42193502773665,6.864988558352403e-05
279,1997,Montbeliard,RR,p2,ULLRICH Jan,4:30:17,248.2453706807128,0.0259487179487179
280,1997,Dijon,RR,p1,ULLRICH Jan,4:21:14,330.9039527416193,0.0103255813953488
281,1997,Disneyland-Paris,ITT,p1,ULLRICH Jan,1:16:42,559.7764238223212,0.0085873015873015
282,1997,Paris,RR,p1,ULLRICH Jan,3:54:36,310.55999856198963,0.0109030100334448
283,1998,Dublin,RR,p1,BOARDMAN Chris,0:06:12,785.1710764486244,0.0142857142857142
284,1998,Dublin,RR,p1,BOARDMAN Chris,4:29:58,359.4702013923878,0.0128388888888888
285,1998,Cork,RR,p1,ZABEL Erik,5:45:10,251.2298650979789,0.0097518248175182
286,1998,Lorient,RR,p1,HAMBURGER Bo,3:33:38,524.9233798091042,0.0126863905325443
287,1998,Cholet,RR,p1,O'GRADY Stuart,5:48:40,414.6456109010786,0.0100714285714285
288,1998,Chateauroux,RR,p1,O'GRADY Stuart,5:18:49,373.62388364741975,0.0073920704845814
289,1998,Brive-la-Gaillarde,RR,p1,O'GRADY Stuart,5:05:32,427.0652024632924,0.0167333333333333
290,1998,Correze,ITT,p1,ULLRICH Jan,1:15:25,616.5658116169018,0.0227241379310344
291,1998,Montauban,RR,p1,DESBIENS Laurent,4:40:55,386.17984526670847,0.01605291005291
292,1998,Pau,RR,p4,DESBIENS Laurent,5:21:22,288.5839576752854,0.0132285714285714
293,1998,Luchon,RR,p5,ULLRICH Jan,5:50:39,533.7851121503668,0.0383816793893129
294,1998,Plateau de Beille,RR,p5,ULLRICH Jan,5:17:07,511.1388827006109,0.0392470588235294
295,1998,Cap d'Agde,RR,p2,ULLRICH Jan,4:12:51,380.2335078472335,0.0140388349514563
296,1998,Carpentras,RR,p2,ULLRICH Jan,4:35:37,230.8902142212831,0.009261780104712
297,1998,Grenoble,RR,p5,ULLRICH Jan,4:40:58,502.4939812982809,0.0251405405405405
298,1998,Les Deux Alpes,RR,p4,PANTANI Marco,5:43:45,428.8627059266863,0.0434285714285714
299,1998,Albertville,RR,p4,PANTANI Marco,5:39:47,415.6507315714359,0.0348578431372549
300,1998,Neuchâtel,RR,p2,PANTANI Marco,4:53:27,302.4996640980854,0.0190504587155963
301,1998,Autun,RR,p1,PANTANI Marco,5:26:52,406.3595590020244,0.0103739495798319
302,1998,Le Creusot,ITT,p1,PANTANI Marco,1:06:27,555.4965839533407,0.0149056603773584
303,1998,Paris,RR,p1,PANTANI Marco,3:44:36,312.6824561138636,0.0108367346938775
304,1999,Puy-du-Fou,RR,p1,ARMSTRONG Lance,0:08:02,690.6431073241773,0.0161764705882352
305,1999,Challans,RR,p1,ARMSTRONG Lance,4:56:18,372.21173115244216,0.0087932692307692
306,1999,Saint-Nazaire,RR,p1,KIRSIPUU Jaan,3:45:32,459.4218841296531,0.0053181818181818
307,1999,Laval,RR,p1,KIRSIPUU Jaan,4:29:27,397.31821916743,0.0077429305912596
308,1999,Blois,RR,p1,KIRSIPUU Jaan,3:51:45,569.0505141494157,0.0059537275064267
309,1999,Amiens,RR,p1,KIRSIPUU Jaan,5:36:28,364.0577989198488,0.0082398286937901
310,1999,Maubeuge,RR,p1,KIRSIPUU Jaan,4:11:09,356.96085884174545,0.0089912536443148
311,1999,Thionville,RR,p1,KIRSIPUU Jaan,5:26:59,385.702239211727,0.0103392070484581
312,1999,Metz,ITT,p1,ARMSTRONG Lance,1:08:36,605.7643772281834,0.0125309734513274
313,1999,Sestriere,RR,p5,ARMSTRONG Lance,5:57:11,497.56624238557765,0.0308837209302325
314,1999,L'Alpe d'Huez,RR,p5,ARMSTRONG Lance,6:42:56,481.9933362629465,0.0363394495412844
315,1999,Saint-Etienne,RR,p2,ARMSTRONG Lance,4:56:25,228.3604222590901,0.0143165829145728
316,1999,Saint-Flour,RR,p3,ARMSTRONG Lance,5:06:25,227.4636534559272,0.0215380710659898
317,1999,Albi,RR,p2,ARMSTRONG Lance,6:15:09,216.76260550199515,0.0210970464135021
318,1999,Saint-Gaudens,RR,p1,ARMSTRONG Lance,4:51:26,343.3862346354567,0.0133015873015873
319,1999,Piau-Engaly,RR,p5,ARMSTRONG Lance,5:21:59,529.6218897214326,0.041
320,1999,Pau,RR,p4,ARMSTRONG Lance,5:17:28,459.07733020359217,0.0323020833333333
321,1999,Bordeaux,RR,p1,ARMSTRONG Lance,4:22:37,438.06471763631214,0.0072562814070351
322,1999,Futuroscope,RR,p1,ARMSTRONG Lance,4:20:50,371.1190459811312,0.0092912087912087
323,1999,Futuroscope,ITT,p1,ARMSTRONG Lance,1:08:17,593.6015925098233,0.0095263157894736
324,1999,Paris,RR,p1,ARMSTRONG Lance,3:37:39,436.7770751565825,0.0106
325,2000,Futuroscope,ITT,p1,MILLAR David,0:19:03,697.0923623497413,0.0124242424242424
326,2000,Loudun,RR,p1,MILLAR David,4:46:08,329.7579741033189,0.0071288659793814
327,2000,Nantes,RR,p1,MILLAR David,3:38:00,427.3400337462825,0.0082414860681114
328,2000,Vitre,RR,p1,JALABERT Laurent,4:19:15,492.1747429424749,0.0099702970297029
329,2000,Tours,RR,p1,ELLI Alberto,4:28:06,409.2173311032101,0.0076675062972292
330,2000,Limoges,RR,p1,ELLI Alberto,5:12:52,314.98654795767663,0.0097177615571776
331,2000,Villeneuve sur Lot,RR,p1,ELLI Alberto,4:27:56,483.6428376136464,0.0126289926289926
332,2000,Dax,RR,p1,ELLI Alberto,4:29:06,334.5332291130874,0.0097348066298342
333,2000,Hautacam,RR,p5,ARMSTRONG Lance,6:10:14,379.69297538346655,0.0253756097560975
334,2000,Revel,RR,p1,ARMSTRONG Lance,5:10:52,403.7597764513511,0.012045766590389
335,2000,Mont Ventoux,RR,p5,ARMSTRONG Lance,4:15:11,416.1215226138673,0.0257046979865771
336,2000,Draguignan,RR,p1,ARMSTRONG Lance,4:13:08,449.2473308150706,0.0122371967654986
337,2000,Briancon,RR,p5,ARMSTRONG Lance,7:59:04,349.4792788701959,0.0258032128514056
338,2000,Courchevel,RR,p5,ARMSTRONG Lance,5:35:36,390.6515019689609,0.0301498559077809
339,2000,Morzine,RR,p4,ARMSTRONG Lance,5:34:21,369.1606835386549,0.025469387755102
340,2000,Lausanne,RR,p2,ARMSTRONG Lance,3:24:53,317.9375665509888,0.0158387096774193
341,2000,Fribourg-En-Brisgau,RR,p1,ARMSTRONG Lance,6:23:55,296.00129724730584,0.0086693711967545
342,2000,Mulhouse,ITT,p1,ARMSTRONG Lance,1:05:01,659.1326168953525,0.004017094017094
343,2000,Troyes,RR,p1,ARMSTRONG Lance,6:14:13,349.220148852575,0.0094459724950884
344,2000,Paris,RR,p1,ARMSTRONG Lance,3:12:36,336.350655635504,0.0029130434782608
345,2001,Dunkirk,RR,p1,MOREAU Christophe,0:09:20,661.6583172674417,0.0080487804878048
346,2001,Boulogne-sur-Mer,RR,p1,MOREAU Christophe,4:55:15,323.5657637691977,0.0096915167095115
347,2001,Antwerpen,RR,p1,WAUTERS Marc,4:35:47,479.73050129699874,0.004734693877551
348,2001,Seraing,RR,p3,O'GRADY Stuart,4:34:32,264.0207735770904,0.0105692695214105
349,2001,Verdun,RR,p2,O'GRADY Stuart,5:17:56,230.4857977401707,0.0134930232558139
350,2001,Strasbourg,RR,p2,O'GRADY Stuart,4:50:39,273.9311920964359,0.0120141843971631
351,2001,Colmar,RR,p2,VOIGT Jens,4:06:15,253.7698291349764,0.0243888888888888
352,2001,Pontarlier,RR,p2,O'GRADY Stuart,5:01:50,291.42105291960934,0.0141168539325842
353,2001,Aix-Les-Bains,RR,p2,O'GRADY Stuart,3:58:12,356.5737598152655,0.0196972972972972
354,2001,L'Alpe d'Huez,RR,p5,SIMON François,6:34:07,375.9910469067095,0.0280574162679425
355,2001,Chamrousse,ITT,p5,SIMON François,1:14:27,520.4644204731884,0.05821875
356,2001,Ax-les-Thermes,RR,p5,SIMON François,5:07:38,433.4083556370632,0.0327048192771084
357,2001,Saint-Lary-Soulan (Pla d'Adet),RR,p5,ARMSTRONG Lance,5:44:22,512.6901203795346,0.0365721649484536
358,2001,Luz Ardiden,RR,p5,ARMSTRONG Lance,4:25:38,474.0370044069856,0.0365653710247349
359,2001,Lavaur,RR,p1,ARMSTRONG Lance,5:31:28,421.7326604376256,0.0141935483870967
360,2001,Sarran,RR,p3,ARMSTRONG Lance,5:52:56,220.34856347310068,0.0188747252747252
361,2001,Montlucon,RR,p3,ARMSTRONG Lance,4:13:49,337.2990918511353,0.0186443298969072
362,2001,Saint-Amand-Montrond,ITT,p2,ARMSTRONG Lance,1:14:16,366.8014005103729,0.0088688524590163
363,2001,Evry,RR,p1,ARMSTRONG Lance,3:12:27,463.8208678501255,0.0068361204013377
364,2001,Paris,RR,p1,ARMSTRONG Lance,3:57:28,363.7842902580091,0.0116697819314641
365,2002,Luxembourg,RR,p1,ARMSTRONG Lance,0:09:08,678.5225330911488,0.0295714285714285
366,2002,Luxembourg ,RR,p3,BERTOGLIATI Rubens,4:49:16,240.17314061850885,0.0191844155844155
367,2002,Saarbrücken,RR,p1,BERTOGLIATI Rubens,4:19:51,431.5402760109645,0.0158011049723756
368,2002,Reims,RR,p1,ZABEL Erik,4:13:37,341.33507930429806,0.0077421203438395
369,2002,Rouen,RR,p1,GONZÁLEZ DE GALDEANO Igor,4:14:06,458.7234223012929,0.0077076923076923
370,2002,Alencon,RR,p1,GONZÁLEZ DE GALDEANO Igor,4:23:07,472.0655337261318,0.0104310776942355
371,2002,Avranches,RR,p3,GONZÁLEZ DE GALDEANO Igor,4:10:56,250.71241103841132,0.0126931818181818
372,2002,Plouay,RR,p1,GONZÁLEZ DE GALDEANO Igor,4:38:47,515.9076075055066,0.0112
373,2002,Lorient,ITT,p1,GONZÁLEZ DE GALDEANO Igor,1:02:38,612.3561062391364,0.0118461538461538
374,2002,Pau,RR,p1,GONZÁLEZ DE GALDEANO Igor,3:04:12,512.7822037418803,0.008047619047619
375,2002,La Mongie,RR,p5,ARMSTRONG Lance,4:21:57,531.1944697029438,0.0336202531645569
376,2002,Plateau de Beille,RR,p5,ARMSTRONG Lance,6:00:29,473.8131477803368,0.034125313283208
377,2002,Béziers,RR,p2,ARMSTRONG Lance,4:18:14,215.25155694970448,0.0127485380116959
378,2002,Mont Ventoux,RR,p5,ARMSTRONG Lance,5:45:46,418.9108467793838,0.0207420814479638
379,2002,Les deux Alpes,RR,p5,ARMSTRONG Lance,6:01:57,399.51475951723467,0.0203929359823399
380,2002,La Plagne,RR,p5,ARMSTRONG Lance,5:49:54,372.39992653947104,0.0287520891364902
381,2002,Cluses,RR,p4,ARMSTRONG Lance,4:07:03,514.8094372446698,0.0414788732394366
382,2002,Bourg-en-Bresse,RR,p2,ARMSTRONG Lance,4:40:10,216.92518666446105,0.0216090651558073
383,2002,Macon,ITT,p1,ARMSTRONG Lance,1:03:50,581.4468150473234,0.01714
384,2002,Paris,RR,p1,ARMSTRONG Lance,3:30:47,335.4828996204669,0.0101642857142857
385,2003,Paris,RR,p1,MCGEE Bradley,0:07:26,889.508089059097,0.0283076923076923
386,2003,Meaux,RR,p2,MCGEE Bradley,3:44:33,282.5380975084299,0.0087857142857142
387,2003,Sedan,RR,p2,MCGEE Bradley,5:06:33,217.072009827756,0.0120342298288508
388,2003,Saint-Dizier,RR,p1,NAZON Jean-Patrick,3:27:39,545.5904938077218,0.0095820895522388
389,2003,Nevers,RR,p1,PEÑA Victor Hugo,4:09:47,520.6395020704667,0.0117862595419847
390,2003,Lyon,RR,p2,PEÑA Victor Hugo,5:08:35,285.82141083602886,0.0114826086956521
391,2003,Morzine,RR,p4,VIRENQUE Richard,6:06:03,379.2924864057589,0.0244208242950108
392,2003,L'Alpe d'Huez,RR,p5,ARMSTRONG Lance,5:59:42,535.2444036999041,0.0333287671232876
393,2003,Gap,RR,p4,ARMSTRONG Lance,5:02:36,463.16487994660486,0.0321463414634146
394,2003,Marseille,RR,p2,ARMSTRONG Lance,5:30:56,215.67111013344996,0.0125968109339407
395,2003,Toulouse,RR,p2,ARMSTRONG Lance,3:30:15,276.135012761057,0.0121042345276872
396,2003,Cap Découverte,ITT,p2,ARMSTRONG Lance,1:00:08,343.7624994332738,0.0151489361702127
397,2003,Ax-3 Domaines,RR,p5,ARMSTRONG Lance,5:17:16,473.61033242897867,0.0267443037974683
398,2003,Loudenvielle-Le-Louron,RR,p4,ARMSTRONG Lance,5:33:16,472.2056008738291,0.0371122715404699
399,2003,Luz-Ardiden,RR,p5,ARMSTRONG Lance,4:29:26,516.5932205621723,0.0336175548589341
400,2003,Bayonne,RR,p4,ARMSTRONG Lance,5:01:36,475.6692559967578,0.0284101265822784
401,2003,Bordeaux,RR,p1,ARMSTRONG Lance,4:02:29,393.1932876493204,0.00446408839779
402,2003,Saint-Maixent-l'Ecole,RR,p1,ARMSTRONG Lance,4:27:23,447.7773563115398,0.0082864197530864
403,2003,Nantes,ITT,p1,ARMSTRONG Lance,0:54:19,712.4923419105495,0.0080612244897959
404,2003,Paris,RR,p1,ARMSTRONG Lance,3:39:04,326.15849330554687,0.0049802631578947
405,2004,Liege,RR,p1,CANCELLARA Fabian,0:06:50,975.49881025061,0.0290163934426229
406,2004,Charleroi,RR,p2,CANCELLARA Fabian,4:40:29,280.48083422203126,0.0141432098765432
407,2004,Namur,RR,p1,HUSHOVD Thor,4:18:39,479.0458318686496,0.0094010152284263
408,2004,Wasquehal,RR,p1,MCEWEN Robbie,4:36:45,439.1419453411018,0.0076904761904761
409,2004,Chartres,RR,p1,VOECKLER Thomas,5:05:58,322.91182731517927,0.0101047381546134
410,2004,Angers,RR,p1,VOECKLER Thomas,4:34:01,373.93584370666,0.0071326530612244
411,2004,Saint-Brieuc,RR,p1,VOECKLER Thomas,4:31:44,468.8621606935442,0.0112762836185819
412,2004,Quimper,RR,p3,VOECKLER Thomas,3:54:22,268.0859003636165,0.0137261904761904
413,2004,Guéret,RR,p1,VOECKLER Thomas,3:32:55,532.8681895109257,0.0175576323987538
414,2004,Saint-Flour,RR,p3,VOECKLER Thomas,6:05:43,240.1072263721433,0.0244135021097046
415,2004,Figeac,RR,p2,VOECKLER Thomas,4:00:56,254.399690377826,0.0198048780487804
416,2004,La Mongie,RR,p5,VOECKLER Thomas,5:07:57,403.5383951236794,0.019579746835443
417,2004,Plateau de Beille,RR,p5,VOECKLER Thomas,6:09:20,498.7216673066455,0.036574209245742
418,2004,Nîmes,RR,p1,VOECKLER Thomas,4:32:44,381.92547423171504,0.0093922077922077
419,2004,Villard de Lans,RR,p3,ARMSTRONG Lance,4:40:30,244.45446043187872,0.0266925207756232
420,2004,L'Alpe d'Huez,ITT,p5,ARMSTRONG Lance,0:39:41,689.7102085347506,0.0892903225806451
421,2004,Le Grand Bornand,RR,p4,ARMSTRONG Lance,6:11:52,464.5492545057826,0.0393545232273838
422,2004,Lons le Saunier,RR,p2,ARMSTRONG Lance,4:15:32,234.0083612539459,0.0212672672672672
423,2004,Besançon,ITT,p3,ARMSTRONG Lance,1:06:49,410.324882705432,0.0189454545454545
424,2004,Paris,RR,p1,ARMSTRONG Lance,4:08:45,313.6408949683628,0.0089141104294478
425,2005,Noirmoutier-en-l'Ile,ITT,p1,ZABRISKIE David,0:20:51,650.9797550751592,0.0014210526315789
426,2005,Les Essarts,RR,p1,ZABRISKIE David,3:51:31,430.8019490138466,0.0023736263736263
427,2005,Tours,RR,p1,ZABRISKIE David,4:36:09,445.5814064467533,0.0069103773584905
428,2005,Montargis,RR,p1,ARMSTRONG Lance,3:46:00,505.2473106362088,0.0055628415300546
429,2005,Nancy,RR,p2,ARMSTRONG Lance,4:12:59,324.7747679235912,0.0087939698492462
430,2005,Karlsruhe,RR,p2,ARMSTRONG Lance,5:03:45,273.8159135755319,0.0057631578947368
431,2005,Gérardmer,RR,p4,ARMSTRONG Lance,5:04:21,379.600751925306,0.0107922077922077
432,2005,Mulhouse,RR,p4,VOIGT Jens,4:11:24,375.0299218730204,0.0164035087719298
433,2005,Courchevel - Altiport,RR,p5,ARMSTRONG Lance,4:50:35,430.607955786952,0.0231878453038674
434,2005,Briançon,RR,p4,ARMSTRONG Lance,4:48:53,374.4280487244798,0.0247398843930635
435,2005,Digne-les-Bains,RR,p4,ARMSTRONG Lance,4:30:39,373.3931652270553,0.0161550802139037
436,2005,Montpellier,RR,p1,ARMSTRONG Lance,3:43:14,463.7536718891068,0.006419540229885
437,2005,Ax-3 Domaines,RR,p5,ARMSTRONG Lance,5:44:39,317.6825376833993,0.0240689655172413
438,2005,Saint-Lary-Soulan (Pla d'Adet),RR,p5,ARMSTRONG Lance,6:11:42,401.6014500825052,0.0273446601941747
439,2005,Pau,RR,p4,ARMSTRONG Lance,4:42:04,363.25856358271,0.0196685082872928
440,2005,Revel,RR,p2,ARMSTRONG Lance,6:03:47,210.0312026001978,0.0117916666666666
441,2005,Mende,RR,p2,ARMSTRONG Lance,4:48:54,217.8152306103893,0.0155925925925925
442,2005,Le Puy en Velay,RR,p3,ARMSTRONG Lance,3:37:35,265.13783919162955,0.0152207792207792
443,2005,Saint-Etienne,ITT,p2,ARMSTRONG Lance,1:11:46,324.40982817372435,0.0146545454545454
444,2005,Paris,RR,p1,ARMSTRONG Lance,3:41:15,282.4016389884609,0.0059097222222222
445,2006,Strasbourg,RR,p1,HUSHOVD Thor,0:08:17,537.4732932688017,0.0007042253521126
446,2006,Strasbourg,RR,p1,HINCAPIE George,4:10:00,392.5022687458667,0.0049485094850948
447,2006,Esch-sur-Alzette,RR,p2,HUSHOVD Thor,5:36:14,232.43887754460587,0.0117242888402625
448,2006,Valkenburg,RR,p3,BOONEN Tom,4:57:59,274.40639017948155,0.0111916859122401
449,2006,Saint-Quentin,RR,p1,BOONEN Tom,4:59:50,362.7238633672556,0.0083864734299516
450,2006,Caen,RR,p1,BOONEN Tom,5:18:50,369.7264380120593,0.0070888888888888
451,2006,Vitré,RR,p1,BOONEN Tom,4:10:17,443.6729714267058,0.0072910052910052
452,2006,Rennes,ITT,p1,HONCHAR Serhiy,1:01:43,580.2091562596931,0.0074807692307692
453,2006,Lorient,RR,p1,HONCHAR Serhiy,4:15:33,369.4046938100642,0.0080939226519337
454,2006,Dax,RR,p1,HONCHAR Serhiy,3:35:24,427.6447845205393,0.0019233038348082
455,2006,Pau,RR,p4,DESSEL Cyril,4:49:10,346.90919554103107,0.0188713910761154
456,2006,Val d'Aran - Pla-de-Beret,RR,p5,LANDIS Floyd,6:06:25,400.1744446445843,0.0277046004842615
457,2006,Carcassonne,RR,p2,LANDIS Floyd,4:39:23,288.39550674842553,0.0082742316784869
458,2006,Montélimar,RR,p2,PEREIRO Óscar,5:24:36,238.652609843862,0.0071298701298701
459,2006,Gap,RR,p2,PEREIRO Óscar,4:14:30,261.25562204032786,0.0146481994459833
460,2006,L'Alpe d'Huez,RR,p5,LANDIS Floyd,4:53:32,439.0584668557389,0.0237540106951871
461,2006,La Toussuire - Les Sybelles,RR,p5,PEREIRO Óscar,5:37:58,392.1588325327342,0.0299780219780219
462,2006,Morzine,RR,p4,PEREIRO Óscar,5:30:44,335.73719043199185,0.0217256857855361
463,2006,Morzine,RR,p4,PEREIRO Óscar,5:30:44,335.73719043199185,0.0217256857855361
464,2006,Mâcon,RR,p2,PEREIRO Óscar,4:24:15,278.0578055392209,0.0088883248730964
465,2006,Montceau-les-Mines,ITT,p1,LANDIS Floyd,1:08:56,543.0917824484527,0.0065964912280701
466,2006,Paris,RR,p1,LANDIS Floyd,7:53:52,39.10304979799676,0.0024336569579288
467,2007,London,RR,p1,CANCELLARA Fabian,0:08:50,654.7839672785221,0.0041772151898734
468,2007,Canterbury,RR,p1,CANCELLARA Fabian,4:39:01,412.708765660889,0.0084187192118226
469,2007,Gent,RR,p1,CANCELLARA Fabian,3:48:22,358.61917630121087,0.002
470,2007,Compiegne,RR,p1,CANCELLARA Fabian,6:36:15,229.966442325278,0.005906976744186
471,2007,Joigny,RR,p1,CANCELLARA Fabian,4:37:47,368.3866072674186,0.0085595854922279
472,2007,Autun,RR,p2,CANCELLARA Fabian,4:39:01,220.0634536885721,0.0148109589041095
473,2007,Bourg-en-Bresse,RR,p1,CANCELLARA Fabian,5:20:59,269.07745612617657,0.007438596491228
474,2007,Le Grand Bornand,RR,p4,GERDEMANN Linus,4:53:13,356.45565259567377,0.0164556962025316
475,2007,Tignes,RR,p5,RASMUSSEN Michael,4:49:40,387.2127056843932,0.0298969696969696
476,2007,Briançon,RR,p4,RASMUSSEN Michael,4:15:06,326.681206430208,0.021680250783699
477,2007,Marseille,RR,p2,RASMUSSEN Michael,5:31:00,222.55222841136265,0.0083529411764705
478,2007,Montpellier,RR,p1,RASMUSSEN Michael,3:47:50,472.1472298747057,0.0046794520547945
479,2007,Castres,RR,p4,RASMUSSEN Michael,4:25:32,290.7694620783437,0.0130924369747899
480,2007,Albi,ITT,p2,RASMUSSEN Michael,1:09:29,311.4049483563099,0.0098703703703703
481,2007,Albi,ITT,p2,RASMUSSEN Michael,1:09:29,311.4049483563099,0.0098703703703703
482,2007,Plateau-de-Beille,RR,p5,RASMUSSEN Michael,5:25:48,350.71456818000115,0.0221827411167512
483,2007,Loudenvielle-Le-Louron,RR,p4,RASMUSSEN Michael,5:39:59,332.92376439981444,0.0277806122448979
484,2007,Loudenvielle-Le-Louron,RR,p4,RASMUSSEN Michael,5:39:59,332.92376439981444,0.0277806122448979
485,2007,Gourette - Col d'Aubisque,RR,p5,RASMUSSEN Michael,6:23:21,366.58440070893016,0.0276018306636155
486,2007,Castelsarrasin,RR,p2,CONTADOR Alberto,4:23:43,246.01544366933507,0.0091989389920424
487,2007,Angoulême,RR,p2,CONTADOR Alberto,5:22:08,193.41834033971028,0.0091848341232227
488,2007,Angoulême,ITT,p1,CONTADOR Alberto,1:05:02,605.7821596102422,0.0086486486486486
489,2007,Paris,RR,p1,CONTADOR Alberto,3:51:08,250.8263290832776,0.0054520547945205
490,2008,Plumelec,RR,p3,VALVERDE Alejandro,4:36:07,254.35616700515243,0.0117670886075949
491,2008,Saint-Brieuc,RR,p3,VALVERDE Alejandro,3:45:13,268.357974006719,0.0114772036474164
492,2008,Nantes,RR,p1,FEILLU Romain,5:05:27,322.1404389621178,0.0072451923076923
493,2008,Cholet,ITT,p1,SCHUMACHER Stefan,0:35:44,596.0587262694063,0.011457627118644
494,2008,Cholet,ITT,p1,SCHUMACHER Stefan,0:35:44,596.0587262694063,0.011457627118644
495,2008,Châteauroux,RR,p1,SCHUMACHER Stefan,5:27:52,349.2097293842126,0.0055991379310344
496,2008,Super Besse,RR,p5,KIRCHEN Kim,4:57:56,376.2202619349307,0.0167774936061381
497,2008,Super Besse,RR,p5,KIRCHEN Kim,4:57:56,376.2202619349307,0.0167774936061381
498,2008,Aurillac,RR,p4,KIRCHEN Kim,3:52:59,344.961274308036,0.0152893081761006
499,2008,Toulouse,RR,p2,KIRCHEN Kim,4:02:54,250.4700801014522,0.0109681159420289
500,2008,Bagnères de Bigorre,RR,p4,KIRCHEN Kim,5:40:45,337.49440522213035,0.0168660714285714
501,2008,Bagnères de Bigorre,RR,p4,KIRCHEN Kim,5:40:45,337.49440522213035,0.0168660714285714
502,2008,Hautacam,RR,p5,EVANS Cadel,4:21:44,384.4964848799115,0.0243205128205128
503,2008,Hautacam,RR,p5,EVANS Cadel,4:21:44,384.4964848799115,0.0243205128205128
504,2008,Foix,RR,p4,EVANS Cadel,4:13:04,334.3689509407001,0.0170925373134328
505,2008,Narbonne,RR,p1,EVANS Cadel,3:40:52,437.1972870988642,0.0071038575667655
506,2008,Nîmes,RR,p1,EVANS Cadel,4:25:42,332.74836901778235,0.0077197802197802
507,2008,Digne-les-Bains,RR,p2,EVANS Cadel,4:13:08,301.1027498490966,0.0088740359897172
508,2008,Prato Nevoso,RR,p5,SCHLECK Fränk,4:55:25,370.73522004141626,0.020431693989071
509,2008,Jausiers,RR,p4,SCHLECK Fränk,4:32:55,345.71833867692635,0.0265859872611464
510,2008,l'Alpe d'Huez,RR,p5,SASTRE Carlos,6:07:58,362.0880422767176,0.0256769596199524
511,2008,Saint-Etienne,RR,p4,SASTRE Carlos,4:37:11,296.00882948225353,0.0096946564885496
512,2008,Montluçon,RR,p1,SASTRE Carlos,3:38:22,460.15980504978086,0.0109607250755287
513,2008,Saint-Amand-Montrond,ITT,p1,SASTRE Carlos,1:06:24,496.8593678609757,0.0076981132075471
514,2008,Saint-Amand-Montrond,ITT,p1,SASTRE Carlos,1:06:24,496.8593678609757,0.0076981132075471
515,2008,Paris,RR,p1,SASTRE Carlos,3:51:52,236.5962513717592,0.0056433566433566
516,2009,Monaco,ITT,p1,CANCELLARA Fabian,0:19:32,655.7663446601533,0.0203870967741935
517,2009,Brignoles,RR,p2,CANCELLARA Fabian,4:30:02,246.59067673561785,0.0127647058823529
518,2009,La Grande-Motte,RR,p1,CANCELLARA Fabian,5:01:24,280.4120395082178,0.0050229007633587
519,2009,Perpignan,RR,p1,CANCELLARA Fabian,4:29:42,379.4933451650677,0.0051603053435114
520,2009,Barcelona,RR,p3,CANCELLARA Fabian,4:21:33,246.0405433752616,0.0122699724517906
521,2009,Andorra Arcalis,RR,p5,NOCENTINI Rinaldo,6:11:57,352.33015619173784,0.0219196428571428
522,2009,Saint-Girons,RR,p4,NOCENTINI Rinaldo,4:33:44,338.59460673394136,0.0202946175637393
523,2009,Tarbes,RR,p4,NOCENTINI Rinaldo,4:06:05,325.40669175562044,0.0181619937694704
524,2009,Issoudun,RR,p2,NOCENTINI Rinaldo,4:46:43,216.78748455595405,0.0106735218508997
525,2009,Saint-Fargeau,RR,p1,NOCENTINI Rinaldo,4:17:55,413.1164861201325,0.0079947916666666
526,2009,Vittel,RR,p2,NOCENTINI Rinaldo,4:58:22,245.5791125508888,0.011063829787234
527,2009,Colmar,RR,p4,NOCENTINI Rinaldo,5:03:09,302.8106960025197,0.015095
528,2009,Besançon,RR,p2,NOCENTINI Rinaldo,4:43:22,232.06420294569435,0.0085879396984924
529,2009,Verbier,RR,p5,CONTADOR Alberto,5:03:58,395.5338155806583,0.017633734939759
530,2009,Bourg-Saint-Maurice,RR,p4,CONTADOR Alberto,4:15:19,359.4273838478264,0.0244968553459119
531,2009,Bourg-Saint-Maurice,RR,p4,CONTADOR Alberto,4:15:19,359.4273838478264,0.0244968553459119
532,2009,Le Grand Bornand,RR,p4,CONTADOR Alberto,4:53:54,347.3978109729091,0.0282064896755162
533,2009,Annecy,ITT,p2,CONTADOR Alberto,0:48:31,377.34729464644965,0.0084938271604938
534,2009,Aubenas,RR,p4,CONTADOR Alberto,3:50:39,371.78189865255735,0.0106235955056179
535,2009,Mont Ventoux,RR,p5,CONTADOR Alberto,4:39:59,356.225491463902,0.0225568862275449
536,2009,Paris,RR,p1,CONTADOR Alberto,4:02:18,284.73715886907786,0.0031768292682926
537,2010,Rotterdam,RR,p1,CANCELLARA Fabian,0:10:00,654.3416025621127,0.0048314606741573
538,2010,Brussel,RR,p1,CANCELLARA Fabian,5:09:38,335.38875460195953,0.0018791946308724
539,2010,Spa,RR,p2,CHAVANEL Sylvain,4:40:48,267.4136385058446,0.0134726368159203
540,2010,Arenberg Porte du Hainaut,RR,p1,CANCELLARA Fabian,4:49:38,392.6895361937741,0.0054835680751173
541,2010,Reims,RR,p1,CANCELLARA Fabian,3:34:55,381.0325243925831,0.0072117263843648
542,2010,Montargis,RR,p1,CANCELLARA Fabian,4:30:50,352.6067644084969,0.007328
543,2010,Gueugnon,RR,p1,CANCELLARA Fabian,5:37:45,357.95954888442753,0.0103076923076923
544,2010,Station des Rousses,RR,p5,CHAVANEL Sylvain,4:22:52,412.3785635469213,0.020821752265861
545,2010,Morzine-Avoriaz,RR,p5,EVANS Cadel,4:54:21,378.31899420842825,0.0192380952380952
546,2010,Saint-Jean-de-Maurienne,RR,p4,SCHLECK Andy,5:38:12,371.2085834518308,0.0251540342298288
547,2010,Gap,RR,p2,SCHLECK Andy,5:25:15,145.75660041922762,0.017804469273743
548,2010,Bourg-lès-Valence,RR,p2,SCHLECK Andy,4:42:29,187.36068159532817,0.006850948509485
549,2010,Mende,RR,p3,SCHLECK Andy,4:58:36,264.14300109642386,0.0165558194774346
550,2010,Revel,RR,p2,SCHLECK Andy,4:26:39,275.2393981505324,0.0110357142857142
551,2010,Ax-3 Domaines,RR,p5,SCHLECK Andy,4:53:50,391.1058352355952,0.0205745257452574
552,2010,Bagnères-de-Luchon,RR,p4,CONTADOR Alberto,4:47:48,334.43853506663214,0.0188906666666666
553,2010,Pau,RR,p4,CONTADOR Alberto,5:38:28,320.02823717354704,0.0236641604010025
554,2010,Col du Tourmalet,RR,p5,CONTADOR Alberto,5:03:29,375.2416695530385,0.0269022988505747
555,2010,Bordeaux,RR,p1,CONTADOR Alberto,4:37:09,349.464578049813,0.0053333333333333
556,2010,Pauillac,ITT,p1,CONTADOR Alberto,1:06:39,427.0765056345885,0.0032115384615384
557,2010,Paris,RR,p1,CONTADOR Alberto,2:42:21,245.01040010121383,0.0046926829268292
558,2011,Mont Des Alouettes Les Herbiers,RR,p3,GILBERT Philippe,4:41:31,211.38532142811556,0.0067154046997389
559,2011,Redon,RR,p1,HUSHOVD Thor,4:40:21,353.11474591061113,0.0053838383838383
560,2011,Mûr-de-Bretagne,RR,p3,HUSHOVD Thor,4:11:39,242.86861140909943,0.0130434782608695
561,2011,Cap Fréhel,RR,p1,HUSHOVD Thor,3:38:32,472.2410736825828,0.0100425531914893
562,2011,Lisieux,RR,p3,HUSHOVD Thor,5:13:37,267.64929689745475,0.0104768211920529
563,2011,Châteauroux,RR,p1,HUSHOVD Thor,5:38:53,272.496295819818,0.0060651162790697
564,2011,SuperBesse,RR,p5,HUSHOVD Thor,4:37:01,439.3372166619452,0.0158894736842105
565,2011,Saint-Flour,RR,p2,VOECKLER Thomas,5:27:14,212.91132619605804,0.0191105769230769
566,2011,Carmaux,RR,p2,VOECKLER Thomas,3:31:21,308.6456114479024,0.0120062111801242
567,2011,Lavaur,RR,p2,VOECKLER Thomas,3:46:07,283.69427191502325,0.0100593471810089
568,2011,Luz Ardiden,RR,p5,VOECKLER Thomas,6:02:05,364.94456628936615,0.0216255924170616
569,2011,Lourdes,RR,p4,VOECKLER Thomas,3:55:13,338.4108046319078,0.0170819672131147
570,2011,Plateau De Beille,RR,p5,VOECKLER Thomas,5:14:13,428.42166501563815,0.0321661721068249
571,2011,Montpellier,RR,p1,VOECKLER Thomas,4:20:24,412.6558960129191,0.0076051948051948
572,2011,Gap,RR,p4,VOECKLER Thomas,3:36:22,418.2040707359432,0.014596923076923
573,2011,Pinerolo,RR,p4,VOECKLER Thomas,4:22:53,380.1756529490728,0.0178379888268156
574,2011,Galibier Serre-Chevalier,RR,p5,VOECKLER Thomas,6:10:17,357.3783958033632,0.0278730158730158
575,2011,Alpe d’huez,RR,p5,SCHLECK Andy,3:14:22,451.1027338153162,0.0326118721461187
576,2011,Grenoble,ITT,p2,EVANS Cadel,0:55:41,322.1758618228721,0.0166823529411764
577,2011,Paris,RR,p1,EVANS Cadel,2:27:02,261.69511830343447,0.0045894736842105
578,2012,Liège,RR,p1,CANCELLARA Fabian,0:07:13,745.2606765391121,0.01234375
579,2012,Seraing,RR,p3,CANCELLARA Fabian,4:58:19,223.6943798808404,0.0135353535353535
580,2012,Tournai,RR,p1,CANCELLARA Fabian,4:56:59,360.4947003099427,0.0072722891566265
581,2012,Boulogne-sur-mer,RR,p3,CANCELLARA Fabian,4:42:59,231.3180112848912,0.0078730964467005
582,2012,Rouen,RR,p1,CANCELLARA Fabian,5:18:32,334.17994207808414,0.0079160839160839
583,2012,Saint-quentin,RR,p1,CANCELLARA Fabian,4:41:30,350.33294142084446,0.0063613231552162
584,2012,Metz,RR,p1,CANCELLARA Fabian,4:37:04,420.8736642981789,0.0074878048780487
585,2012,La Planche Des Belles Filles,RR,p5,WIGGINS Bradley,4:58:37,368.0033515837179,0.0137487437185929
586,2012,Porrentruy,RR,p4,WIGGINS Bradley,3:56:36,397.7355014512349,0.0195047619047619
587,2012,Besancon,ITT,p1,WIGGINS Bradley,0:51:24,577.0229890786997,0.0120240963855421
588,2012,Bellegarde-sur-valserine,RR,p4,WIGGINS Bradley,4:49:42,375.93082837104896,0.0172236503856041
589,2012,La Toussuire - Les Sybelles,RR,p5,WIGGINS Bradley,4:44:51,446.7937488114555,0.0336959459459459
590,2012,Annonay Davézieux,RR,p4,WIGGINS Bradley,5:50:40,322.7931122977058,0.0150398230088495
591,2012,Cap d'Agde,RR,p1,WIGGINS Bradley,4:57:59,408.066230092432,0.0082718894009216
592,2012,Foix,RR,p4,WIGGINS Bradley,5:08:44,323.3436905914508,0.0171937172774869
593,2012,Pau,RR,p1,WIGGINS Bradley,3:52:05,397.884421814552,0.0137097791798107
594,2012,Bagnères-de-Luchon,RR,p4,WIGGINS Bradley,5:42:11,386.219088213825,0.0268578680203045
595,2012,Peyragudes,RR,p5,WIGGINS Bradley,4:12:30,470.1016358410697,0.0305435540069686
596,2012,Brive-la-Gaillarde,RR,p1,WIGGINS Bradley,4:54:16,464.432927056432,0.0096449438202247
597,2012,Chartres,ITT,p1,WIGGINS Bradley,1:04:13,539.2463665495729,0.0046542056074766
598,2012,Paris,RR,p1,WIGGINS Bradley,3:08:16,269.0825021290224,0.005825
599,2013,Bastia,RR,p1,KITTEL Marcel,4:56:52,386.97181014093775,0.0071784037558685
600,2013,Ajaccio,RR,p4,BAKELANTS Jan,3:43:11,358.6707510312815,0.0152115384615384
601,2013,Calvi,RR,p2,BAKELANTS Jan,3:41:24,220.40993312282157,0.0166735395189003
602,2013,Marseille,RR,p2,GERRANS Simon,5:31:51,231.0982389276944,0.012144420131291
603,2013,Montpellier,RR,p1,IMPEY Daryl,3:59:02,384.2724392865578,0.004742209631728
604,2013,Albi,RR,p2,IMPEY Daryl,4:54:12,248.57205082854864,0.0130170316301703
605,2013,Ax-3 Domaines,RR,p5,FROOME Chris,5:03:18,397.09961844032273,0.0196871794871794
606,2013,Bagnéres de Bigorre,RR,p4,FROOME Chris,4:43:23,371.1197294641521,0.0261780415430267
607,2013,Saint-Malo,RR,p1,FROOME Chris,4:53:25,329.6267506908931,0.0089441624365482
608,2013,Mont-Saint-Michel,ITT,p1,FROOME Chris,0:36:41,708.0083540314884,0.0085757575757575
609,2013,Tours,RR,p1,FROOME Chris,4:49:49,419.0546197615601,0.0065366972477064
610,2013,Saint-Amand-Montrond,RR,p1,FROOME Chris,3:41:17,459.92720356859047,0.0059884393063583
611,2013,Lyon,RR,p2,FROOME Chris,4:22:28,268.74027731752426,0.0112984293193717
612,2013,Mont Ventoux,RR,p5,FROOME Chris,5:48:45,424.78287651959977,0.0170969072164948
613,2013,Gap,RR,p4,FROOME Chris,4:03:53,385.6389681757889,0.0182916666666666
614,2013,Chorges,ITT,p2,FROOME Chris,0:51:33,227.7507790373237,0.029
615,2013,Alpe d'Huez,RR,p5,FROOME Chris,4:54:50,424.6963637744428,0.0277623188405797
616,2013,Le Grand Bornand,RR,p4,FROOME Chris,6:07:41,343.36599278088016,0.0272224938875305
617,2013,Le Semnoz,RR,p5,FROOME Chris,3:39:33,444.11285206357616,0.031272
618,2013,Paris,RR,p1,FROOME Chris,3:07:07,262.02772123575454,0.0064915254237288
619,2014,Harrogate,RR,p2,KITTEL Marcel,4:44:07,221.1337160488193,0.0109816272965879
620,2014,Sheffield,RR,p2,NIBALI Vincenzo,5:08:36,214.03535294626116,0.0166517412935323
621,2014,London,RR,p1,NIBALI Vincenzo,3:38:30,345.6950553648264,0.0053806451612903
622,2014,Lille,RR,p1,NIBALI Vincenzo,3:36:39,423.0490892402348,0.0068379204892966
623,2014,Arenberg Porte du Hainaut,RR,p1,NIBALI Vincenzo,3:18:54,429.807474270517,0.0030546623794212
624,2014,Reims,RR,p1,NIBALI Vincenzo,4:11:39,452.7608308776286,0.0073298969072164
625,2014,Nancy,RR,p2,NIBALI Vincenzo,5:18:39,267.30182970358493,0.0088528784648187
626,2014,Gerardmer,RR,p5,NIBALI Vincenzo,3:51:48,346.28125326111103,0.0116273291925465
627,2014,Mulhouse,RR,p4,GALLOPIN Tony,4:12:19,389.8844083123555,0.0198411764705882
628,2014,La Planche des Belles Filles,RR,p5,NIBALI Vincenzo,4:27:26,395.2046426616737,0.0241857585139318
629,2014,Oyonnax,RR,p2,NIBALI Vincenzo,4:25:45,255.79353033658805,0.0144586666666666
630,2014,Saint-Etienne,RR,p2,NIBALI Vincenzo,4:32:11,231.00500025045525,0.0136388140161725
631,2014,Chamrousse,RR,p5,NIBALI Vincenzo,5:12:29,374.3938233037996,0.0195696202531645
632,2014,Risoul,RR,p5,NIBALI Vincenzo,5:08:51,394.8834428928611,0.0273333333333333
633,2014,Nîmes,RR,p1,NIBALI Vincenzo,4:56:43,419.6971851253624,0.007545045045045
634,2014,Bagneres-de-Luchon,RR,p4,NIBALI Vincenzo,6:15:42,308.08993328848646,0.01704
635,2014,Saint-Lary-Soulan (Pla d'Adet),RR,p5,NIBALI Vincenzo,3:36:09,431.51423654705394,0.0306024096385542
636,2014,Hautacam,RR,p5,NIBALI Vincenzo,4:04:17,403.02824435396167,0.0257594501718213
637,2014,Bergerac,RR,p1,NIBALI Vincenzo,4:43:48,403.4228787592752,0.0079568345323741
638,2014,Perigueux,ITT,p3,NIBALI Vincenzo,1:08:19,335.1601856228583,0.0113148148148148
639,2014,Paris,RR,p1,NIBALI Vincenzo,3:21:14,316.0642929128472,0.0058545454545454
640,2015,Utrecht,ITT,p1,DENNIS Rohan,0:14:56,686.9783214601727,0.0020289855072463
641,2015,Neeltje Jans,RR,p1,CANCELLARA Fabian,3:29:03,436.9462475683313,0.0014518072289156
642,2015,Huy,RR,p3,FROOME Chris,3:26:54,306.0655680583222,0.0089968652037617
643,2015,Cambrai,RR,p1,MARTIN Tony,5:28:58,328.1525808571062,0.0069440715883668
644,2015,Amiens,RR,p1,MARTIN Tony,4:39:00,342.245637040366,0.0084749340369393
645,2015,Le Havre,RR,p3,MARTIN Tony,4:53:48,194.99856053557755,0.0088459530026109
646,2015,Fougères,RR,p1,FROOME Chris,4:27:25,383.1569955751872,0.0088923884514435
647,2015,Mûr-de-bretagne,RR,p3,FROOME Chris,4:21:05,237.6505658080997,0.0113333333333333
648,2015,La Pierre-Saint-Martin,RR,p5,FROOME Chris,4:22:07,345.39570413813334,0.0158982035928143
649,2015,Cauterets,RR,p5,FROOME Chris,5:07:22,387.68218634118745,0.0218031914893617
650,2015,Plateau de Beille,RR,p5,FROOME Chris,5:47:01,374.05568452362127,0.0253743589743589
651,2015,Rodez,RR,p2,FROOME Chris,4:43:49,242.36450469369709,0.0115818639798488
652,2015,Mende,RR,p5,FROOME Chris,4:27:58,371.5216962137755,0.0155294117647058
653,2015,Valence,RR,p2,FROOME Chris,3:56:35,315.88178508039465,0.0108907103825136
654,2015,Gap,RR,p4,FROOME Chris,4:48:22,316.749841867143,0.0115522388059701
655,2015,Pra-Loup,RR,p5,FROOME Chris,4:19:33,447.2395532900209,0.0261366459627329
656,2015,Saint-Jean-de-Maurienne,RR,p4,FROOME Chris,5:06:42,360.3739563743504,0.0237211796246648
657,2015,La Toussuire - Les Sybelles,RR,p5,FROOME Chris,4:24:07,407.655369153142,0.0329347826086956
658,2015,l'Alpe d'Huez,RR,p5,FROOME Chris,3:18:59,400.8358417498148,0.0286334841628959
659,2015,Paris,RR,p1,FROOME Chris,2:49:41,267.2323424988304,0.0051324200913242
660,2016,Utah Beach Sainte-Marie-du-Mont,RR,p2,CAVENDISH Mark,4:14:05,262.0952539628529,0.0056968085106382
661,2016,Cherbourg,RR,p3,SAGAN Peter,4:20:51,246.7485958994789,0.0108469945355191
662,2016,Angers,RR,p2,SAGAN Peter,5:59:54,172.27720245270905,0.0088366890380313
663,2016,Limoges,RR,p2,SAGAN Peter,5:28:30,256.9762522205851,0.0081431578947368
664,2016,Le Lioran,RR,p4,VAN AVERMAET Greg,5:31:36,371.1358586933227,0.0190046296296296
665,2016,Montauban,RR,p2,VAN AVERMAET Greg,4:43:52,216.71558759912543,0.0106299212598425
666,2016,Lac de Payolle,RR,p4,VAN AVERMAET Greg,3:51:06,387.87072931826987,0.0158646153846153
667,2016,Bagnères-de-Luchon,RR,p4,FROOME Chris,4:57:33,383.50005060034334,0.0249836956521739
668,2016,Andorra Arcalis,RR,p5,FROOME Chris,5:22:59,398.274410580498,0.026891304347826
669,2016,Revel,RR,p4,FROOME Chris,4:32:17,352.99380868567465,0.0123451776649746
670,2016,Montpellier,RR,p2,FROOME Chris,3:26:23,322.7968862154513,0.0084984615384615
671,2016,Chalet-Reynard (Mont Ventoux),RR,p5,FROOME Chris,4:36:56,323.1054229925997,0.0135730337078651
672,2016,Le Caverne de Pont d'Arc,ITT,p3,FROOME Chris,0:51:18,302.27661887762787,0.0200533333333333
673,2016,Villars-les-Dombes Parc des Oiseaux,RR,p2,FROOME Chris,5:43:49,159.96391718893017,0.0093908872901678
674,2016,Culoz,RR,p4,FROOME Chris,4:27:56,383.5965707515473,0.0275849056603773
675,2016,Berne,RR,p2,FROOME Chris,4:26:02,324.1749568740436,0.0094114832535885
676,2016,Finhaut-Emosson,RR,p5,FROOME Chris,4:44:32,420.2659306426144,0.0210894308943089
677,2016,Megève,ITT,p5,FROOME Chris,0:30:43,512.0426304764458,0.0397647058823529
678,2016,Saint-Gervais Mont Blanc,RR,p5,FROOME Chris,4:14:44,439.1519502334947,0.0303835616438356
679,2016,Morzine,RR,p4,FROOME Chris,4:11:03,379.1256861036286,0.0281706484641638
680,2016,Paris,RR,p1,FROOME Chris,2:43:08,333.94988340256134,0.0063097345132743
681,2017,Düsseldorf,ITT,p1,THOMAS Geraint,0:16:04,604.854779039277,0.0043571428571428
682,2017,Liège,RR,p1,THOMAS Geraint,4:37:06,392.7814134845256,0.0062800982800982
683,2017,Longwy,RR,p1,THOMAS Geraint,5:07:21,392.7167808650832,0.0127341176470588
684,2017,Vittel,RR,p1,THOMAS Geraint,4:53:54,357.9057694104984,0.0067662650602409
685,2017,La Planche des Belles Filles,RR,p5,FROOME Chris,3:44:26,415.62062638395935,0.0146292834890965
686,2017,Troyes,RR,p1,FROOME Chris,5:05:34,367.92539713656447,0.0080324074074074
687,2017,Nuits-Saint-Georges,RR,p1,FROOME Chris,5:03:18,358.229792035753,0.0073911007025761
688,2017,Station des Rousses,RR,p4,FROOME Chris,4:31:19,397.8344172617474,0.019152
689,2017,Chambéry,RR,p4,FROOME Chris,5:07:22,364.0642855473409,0.0258732782369146
690,2017,Bergerac,RR,p1,FROOME Chris,4:01:00,411.6325260300346,0.0079044943820224
691,2017,Pau,RR,p1,FROOME Chris,4:34:27,395.448808090987,0.0057149877149877
692,2017,Peyragudes,RR,p5,ARU Fabio,5:49:40,384.0628275254777,0.0228578088578088
693,2017,Foix,RR,p4,ARU Fabio,2:38:17,418.69764708620914,0.0282772277227722
694,2017,Rodez,RR,p1,FROOME Chris,4:21:57,365.02969891223086,0.0098402203856749
695,2017,Le Puy-en-Velay,RR,p2,FROOME Chris,4:48:12,221.47018137927853,0.0166965699208443
696,2017,Romans-sur-Isère,RR,p1,FROOME Chris,3:38:15,479.9383705033789,0.0123212121212121
697,2017,Serre-Chevalier,RR,p4,FROOME Chris,5:08:54,383.4083438073012,0.0276721311475409
698,2017,Izoard,RR,p5,FROOME Chris,4:40:53,427.7858345082656,0.0226128133704735
699,2017,Salon-de-Provence,RR,p1,FROOME Chris,5:18:36,389.1459255668327,0.0117438202247191
700,2017,Marseille,ITT,p1,FROOME Chris,0:28:21,490.5532594740228,0.0071111111111111
701,2017,Paris,RR,p1,FROOME Chris,2:25:39,359.2620140260269,0.0049428571428571
702,2018, Fontenay-le-Comte,RR,p1,GAVIRIA Fernando,4:23:32,394.8478119416639,0.0022587064676616
703,2018,La Roche-sur-Yon,RR,p1,SAGAN Peter,4:06:37,420.8356884257798,0.0076438356164383
704,2018,Sarzeau,RR,p1,VAN AVERMAET Greg,4:25:01,393.5757666452486,0.0059230769230769
705,2018,Quimper,RR,p3,VAN AVERMAET Greg,4:48:06,261.2598018833705,0.0132224938875305
706,2018,Mûr de Bretagne,RR,p3,VAN AVERMAET Greg,4:13:46,257.231860702174,0.0111988950276243
707,2018,Chartres,RR,p1,VAN AVERMAET Greg,5:43:42,344.0565483503185,0.0097619047619047
708,2018,Amiens Métropole,RR,p1,VAN AVERMAET Greg,4:23:36,337.9516826861264,0.0070939226519337
709,2018,Roubaix,RR,p1,VAN AVERMAET Greg,3:24:26,417.5632047274837,0.0039488817891373
710,2018,Le Grand-Bornand,RR,p4,VAN AVERMAET Greg,4:27:11,397.280171556184,0.0268391167192429
711,2018,La Rosière Espace San Bernardo,RR,p5,THOMAS Geraint,3:29:36,462.4554544886427,0.0377235023041474
712,2018,Alpe d'Huez,RR,p5,THOMAS Geraint,5:18:37,428.1872191149843,0.0305527065527065
713,2018,Valence,RR,p1,THOMAS Geraint,3:45:55,429.9019897447874,0.0076814159292035
714,2018,Mende,RR,p2,THOMAS Geraint,5:00:06,201.78293119892328,0.0178989361702127
715,2018,Carcassonne,RR,p4,THOMAS Geraint,4:39:03,327.9243139346748,0.0161160220994475
716,2018,Bagnères-de-Luchon,RR,p4,THOMAS Geraint,5:22:14,355.9472622114123,0.0161513761467889
717,2018,Col Du Portet,RR,p5,THOMAS Geraint,2:22:14,500.6700836441244,0.0503692307692307
718,2018,Pau,RR,p1,THOMAS Geraint,3:46:50,435.271842481322,0.007672514619883
719,2018,Laruns,RR,p4,THOMAS Geraint,5:28:36,387.1044322544191,0.0251670822942643
720,2018,Espelette,ITT,p3,THOMAS Geraint,0:41:06,320.9030346010118,0.017516129032258
721,2018,Paris,RR,p1,THOMAS Geraint,2:46:36,340.824114631294,0.0063103448275862
722,2019,Brussels,RR,p3,TEUNISSEN Mike,4:22:47,272.22907255170327,0.0081336760925449
723,2019,Épernay,RR,p3,ALAPHILIPPE Julian,4:40:29,304.29621383054746,0.0106930232558139
724,2019,Nancy,RR,p2,ALAPHILIPPE Julian,5:09:20,217.98694138439865,0.0072833723653395
725,2019,Colmar,RR,p2,ALAPHILIPPE Julian,4:02:33,267.6408762697816,0.0132478632478632
726,2019,La Planche des Belles Filles,RR,p5,CICCONE Giulio,4:29:14,365.16371007132113,0.0245732087227414
727,2019,Chalon-sur-Saône,RR,p2,CICCONE Giulio,6:02:44,178.8006434505483,0.010291304347826
728,2019,Saint-Étienne,RR,p2,ALAPHILIPPE Julian,5:00:23,231.7019558290613,0.01922
729,2019,Brioude,RR,p2,ALAPHILIPPE Julian,4:19:37,214.46708316600285,0.0159354838709677
730,2019,Albi,RR,p2,ALAPHILIPPE Julian,4:49:39,298.05531741320067,0.013935632183908
731,2019,Toulouse,RR,p2,ALAPHILIPPE Julian,3:51:26,258.4472865758254,0.010940119760479
732,2019,Bagnères-de-Bigorre,RR,p4,ALAPHILIPPE Julian,5:07:28,324.3010448325298,0.0147398568019093
733,2019,Pau,ITT,p1,ALAPHILIPPE Julian,0:35:00,523.288326259937,0.014375
734,2019,Col du Tourmalet,RR,p5,ALAPHILIPPE Julian,3:10:26,424.1654778116892,0.0304144144144144
735,2019,Foix Prat D'Albis,RR,p5,ALAPHILIPPE Julian,4:48:53,417.0745406388753,0.0234864864864864
736,2019,Nîmes,RR,p2,ALAPHILIPPE Julian,3:57:08,277.8721906449715,0.0091864406779661
737,2019,Gap,RR,p2,ALAPHILIPPE Julian,4:41:46,251.46787641169288,0.01236
738,2019,Valloire,RR,p4,ALAPHILIPPE Julian,5:39:33,358.02692755786444,0.0250721153846153
739,2019,Tignes,RR,p5,BERNAL Egan,2:40:31,413.9050979817105,0.0336516853932584
740,2019,Val Thorens,RR,p5,BERNAL Egan,1:52:10,420.7236782559369,0.0374453781512605
741,2019,Paris,RR,p1,BERNAL Egan,3:04:08,329.59011071077833,0.0061015625
742,2020,Nice,RR,p2,KRISTOFF Alexander,3:46:23,232.99765308069112,0.0102371794871794
743,2020,Nice,RR,p4,ALAPHILIPPE Julian,4:55:27,342.4065174696891,0.0219783783783783
744,2020,Sisteron,RR,p2,ALAPHILIPPE Julian,5:17:42,185.5011387537843,0.0151666666666666
745,2020,Orcières-Merlette,RR,p5,ALAPHILIPPE Julian,4:07:47,385.9912284717436,0.0199376947040498
746,2020,Privas,RR,p1,YATES Adam,4:21:22,345.9788803609513,0.0075846994535519
747,2020,Mont Aigoual,RR,p5,YATES Adam,4:35:27,382.05778794813807,0.0161623036649214
748,2020,Lavaur,RR,p2,YATES Adam,3:32:03,335.46476922630325,0.011970238095238
749,2020,Loudenvielle,RR,p4,YATES Adam,4:08:52,318.2515785958526,0.0270992907801418
750,2020,Laruns,RR,p4,ROGLIČ Primož,3:55:17,385.11215535896025,0.022875816993464
751,2020,Île de Ré (Saint-Martin-de-Ré),RR,p1,ROGLIČ Primož,3:35:22,431.6474196575701,0.0031513353115727
752,2020,Poitiers,RR,p1,ROGLIČ Primož,4:00:01,330.90230477558856,0.006054054054054
753,2020,Sarran,RR,p3,ROGLIČ Primož,5:11:19,254.21451167698297,0.015545871559633
754,2020,Pas de Peyrol (Le Puy Mary),RR,p5,ROGLIČ Primož,5:07:52,405.2821844995814,0.023284595300261
755,2020,Lyon,RR,p4,ROGLIČ Primož,4:28:25,361.1289973619328,0.0136391752577319
756,2020,Grand Colombier,RR,p5,ROGLIČ Primož,4:34:13,399.2892279714549,0.0213409742120343
757,2020,Villard-de-Lans,RR,p5,ROGLIČ Primož,4:29:40,395.6629816167812,0.0237987804878048
758,2020,Méribel - Col de la Loze,RR,p5,ROGLIČ Primož,4:49:23,397.2612421106158,0.0260588235294117
759,2020,La Roche-sur-Foron,RR,p4,ROGLIČ Primož,4:49:26,402.4791258691737,0.02952
760,2020,Champagnole,RR,p2,ROGLIČ Primož,3:44:11,289.0546354975441,0.0132612612612612
761,2020,La Planche des Belles Filles,ITT,p5,POGAČAR Tadej,0:55:55,476.65169259887455,0.0265745856353591
762,2020,Paris,RR,p1,POGAČAR Tadej,2:53:32,349.2307352936815,0.0066885245901639
763,2021,Landerneau,RR,p3,ALAPHILIPPE Julian,4:39:05,256.6593642335089,0.0143731041456016
764,2021,Mûr-de-Bretagne Guerlédan,RR,p3,VAN DER POEL Mathieu,4:18:30,257.5687369925625,0.0120435967302452
765,2021,Pontivy,RR,p2,VAN DER POEL Mathieu,4:01:28,292.0673958603121,0.0083870967741935
766,2021,Fougères,RR,p1,VAN DER POEL Mathieu,3:20:17,451.9056189583087,0.0093351063829787
767,2021,Laval Espace Mayenne,ITT,p1,VAN DER POEL Mathieu,0:32:31,641.9612636185203,0.0130882352941176
768,2021,Châteauroux,RR,p1,VAN DER POEL Mathieu,3:17:36,516.906314097867,0.0060910224438902
769,2021,Le Creusot,RR,p2,VAN DER POEL Mathieu,5:30:00,305.4304975226749,0.0125250903251706
770,2021,Le Grand-Bornand,RR,p4,POGAČAR Tadej,3:55:30,385.31852001338143,0.0235875331564986
771,2021,Tignes,RR,p5,POGAČAR Tadej,4:32:45,399.1544448479607,0.0319392684610075
772,2021,Valence,RR,p2,POGAČAR Tadej,4:14:07,279.03588207030674,0.0078028316727844
773,2021,Malaucène,RR,p4,POGAČAR Tadej,5:19:21,366.31196917223264,0.0234841628959276
774,2021,Nîmes,RR,p2,POGAČAR Tadej,3:38:05,276.2087192903501,0.0128732747804266
775,2021,Carcassonne,RR,p2,POGAČAR Tadej,5:04:29,255.26744176535877,0.0091996361982719
776,2021,Quillan,RR,p4,POGAČAR Tadej,4:23:09,360.4376996353591,0.0156614044637996
777,2021,Andorra la Vella,RR,p4,POGAČAR Tadej,5:16:57,351.2895384867418,0.0238996340825927
778,2021,Saint-Gaudens,RR,p4,POGAČAR Tadej,4:15:48,361.5212485220742,0.0192899408284023
779,2021,Saint-Lary-Soulan (Col du Portet),RR,p5,POGAČAR Tadej,5:03:31,385.1079340746912,0.0245235426008968
780,2021,Luz Ardiden,RR,p5,POGAČAR Tadej,3:33:45,437.9902814211687,0.02745566692367
781,2021,Libourne,RR,p2,POGAČAR Tadej,4:40:07,260.117625125823,0.0057053140096618
782,2021,Saint-Émilion,ITT,p1,POGAČAR Tadej,0:36:50,572.4765134279437,0.0079870129870129
783,2021,Paris Champs-Élysées,RR,p1,POGAČAR Tadej,2:39:37,316.52838050969024,0.0064483394833948
784,2022,Copenhagen,ITT,p1,LAMPAERT Yves,0:15:17,559.4693689921329,0.001590909090909
785,2022,Nyborg,RR,p1,VAN AERT Wout,4:34:34,394.8947165762118,0.0056824925816023
786,2022,Sønderborg,RR,p1,VAN AERT Wout,4:11:33,390.48037555013445,0.007032967032967
787,2022,Calais,RR,p1,VAN AERT Wout,4:01:36,405.6746309372553,0.0104081632653061
788,2022,Wallers-Arenberg,RR,p1,VAN AERT Wout,3:14:39,484.365282897295,0.003828025477707
789,2022,Longwy,RR,p3,POGAČAR Tadej,4:27:13,375.0603673956009,0.0112642110050022
790,2022,La Super Planche des Belles Filles,RR,p5,POGAČAR Tadej,3:58:40,434.8638594271068,0.0143278502552467
791,2022,Lausanne,RR,p3,POGAČAR Tadej,4:13:06,284.3465720929481,0.013719806763285
792,2022,Châtel les portes du Soleil,RR,p3,POGAČAR Tadej,4:47:28,240.13610745268895,0.0194038361845515
793,2022,Megève,RR,p5,POGAČAR Tadej,3:27:44,457.5820695774886,0.018453747467927
794,2022,Col du Granon,RR,p5,VINGEGAARD Jonas,4:18:02,386.0180537565441,0.0268292682926829
795,2022,L'Alpe d'Huez,RR,p5,VINGEGAARD Jonas,4:58:47,362.328742254767,0.0282253179890975
796,2022,Saint-Etienne,RR,p2,VINGEGAARD Jonas,4:18:48,280.26124389288265,0.0109501557632398
797,2022,Mende,RR,p2,VINGEGAARD Jonas,4:43:27,238.0879149463324,0.0178753246753246
798,2022,Carcassonne,RR,p2,VINGEGAARD Jonas,4:27:27,297.0476851066671,0.0119308641975308
799,2022,Foix,RR,p4,VINGEGAARD Jonas,4:29:41,344.3931069906251,0.0191484593837535
800,2022,Peyragudes,RR,p5,VINGEGAARD Jonas,3:25:51,423.6598853474285,0.0259367771781033
801,2022,Hautacam,RR,p5,VINGEGAARD Jonas,3:59:50,409.3275047641777,0.0281843575418994
802,2022,Cahors,RR,p3,VINGEGAARD Jonas,3:52:05,342.5196135951151,0.0069888475836431
803,2022,Rocamadour,ITT,p3,VINGEGAARD Jonas,0:48:18,394.8222772581586,0.0106633906633906
804,2022,Paris (Champs-Élysées),RR,p1,VINGEGAARD Jonas,2:59:23,271.4911157682912,0.0064705882352941
805,2023,Bilbao,RR,p3,YATES Adam,4:22:49,248.27783910756895,0.0176978021978021
806,2023,San Sébastián,RR,p2,YATES Adam,4:46:39,272.9999452728968,0.0141168022977501
807,2023,Bayonne,RR,p2,YATES Adam,4:43:15,228.7336818337955,0.0137829457364341
808,2023,Nogaro,RR,p1,YATES Adam,4:25:28,328.17934690999067,0.0078492849284928
809,2023,Laruns,RR,p4,HINDLEY Jai,3:57:07,402.4199404989888,0.0224462200368776
810,2023,Cauterets-Cambasque,RR,p5,VINGEGAARD Jonas,3:54:51,418.46078787905856,0.0268737060041407
811,2023,Bordeaux,RR,p1,VINGEGAARD Jonas,3:46:28,394.4325054293272,0.0047557386698057
812,2023,Limoges,RR,p2,VINGEGAARD Jonas,4:12:26,333.160441538402,0.0099451918285999
813,2023,Puy de Dôme,RR,p5,VINGEGAARD Jonas,4:28:08,403.8427124288767,0.0188651315789473
814,2023,Issoire,RR,p2,VINGEGAARD Jonas,3:55:27,270.09975846532785,0.0188456937799043
815,2023,Moulins,RR,p2,VINGEGAARD Jonas,4:01:14,277.70639096228024,0.0104461795872838
816,2023,Belleville-en-Beaujolais,RR,p2,VINGEGAARD Jonas,3:55:56,274.27252144578927,0.0184834123222748
817,2023,Grand Colombier,RR,p5,VINGEGAARD Jonas,3:18:27,404.5150601451726,0.017510885341074
818,2023,Morzine les Portes du Soleil,RR,p4,VINGEGAARD Jonas,3:58:50,403.3398021674004,0.0282015810276679
819,2023,Saint-Gervais Mont-Blanc,RR,p5,VINGEGAARD Jonas,4:46:49,407.5942060850276,0.0250446927374301
820,2023,Combloux,ITT,p5,VINGEGAARD Jonas,0:32:36,520.8045080287109,0.0283928571428571
821,2023,Courchevel,RR,p4,VINGEGAARD Jonas,4:51:00,373.0859787649242,0.0325829812914906
822,2023,Bourg-en-Bresse,RR,p1,VINGEGAARD Jonas,4:06:48,408.272072448542,0.0065765278528934
823,2023,Poligny,RR,p2,VINGEGAARD Jonas,3:44:45,307.4314162788779,0.0111921296296296
824,2023,Le Markstein,RR,p4,VINGEGAARD Jonas,3:27:18,391.7142301175096,0.026
825,2023,Paris,RR,p1,VINGEGAARD Jonas,2:56:13,270.6754915671137,0.00501303214596
